,Country,Economy,Healthy,Social,Freedom,Corruption,Generosity,Score
782,Finland,1.285189509,0.961271405,1.499525905,0.66231674,0.477857262,0.159670442,7.808700085
626,Finland,1.34,0.986,1.587,0.596,0.393,0.153,7.769
783,Denmark,1.326948524,0.979332566,1.503449202,0.665039897,0.495260328,0.242793396,7.645599842
470,Finland,1.305,0.8740000000000001,1.592,0.6809999999999999,0.393,0.202,7.6320000000000014
627,Denmark,1.383,0.996,1.5730000000000002,0.5920000000000001,0.41,0.252,7.6
471,Norway,1.456,0.861,1.582,0.6859999999999999,0.34,0.28600000000000003,7.5939999999999985
0,Switzerland,1.39651,0.94143,1.34951,0.66557,0.41978,0.29678000000000004,7.5870000000000015
1,Iceland,1.30232,0.94784,1.40223,0.6287699999999999,0.14145,0.4363,7.561
784,Switzerland,1.39077425,1.040533185,1.4724034069999998,0.62895447,0.407945901,0.269055754,7.559899807000001
472,Denmark,1.351,0.868,1.59,0.6829999999999999,0.408,0.284,7.555
628,Norway,1.4880000000000002,1.028,1.582,0.603,0.341,0.271,7.5539999999999985
315,Norway,1.61646318435669,0.796666502952576,1.53352355957031,0.635422587394714,0.31596383452415505,0.36201223731041,7.537000179290769
2,Denmark,1.32548,0.87464,1.36058,0.6493800000000001,0.48357,0.34139,7.527
158,Denmark,1.4417799999999998,0.79504,1.16374,0.5794100000000001,0.44453,0.36171,7.526
3,Norway,1.459,0.88521,1.33095,0.66973,0.36503,0.34699,7.522
316,Denmark,1.48238301277161,0.7925655245780941,1.55112159252167,0.626006722450256,0.40077006816864,0.3552804887294771,7.52199983596802
159,Switzerland,1.52733,0.86303,1.14524,0.58557,0.41203,0.28083,7.508999999999999
785,Iceland,1.326501608,1.000843406,1.5475674869999998,0.661980748,0.14454077199999998,0.362330228,7.504499912000001
317,Iceland,1.480633020401,0.8335521221160892,1.6105740070343,0.6271626353263849,0.15352655947208402,0.475540220737457,7.50400018692017
160,Iceland,1.42666,0.8673299999999999,1.18326,0.56624,0.14975,0.47678,7.501
161,Norway,1.57744,0.79579,1.1269,0.59609,0.35776,0.37895,7.497999999999998
473,Iceland,1.3430000000000002,0.914,1.644,0.677,0.138,0.353,7.495
629,Iceland,1.38,1.026,1.624,0.591,0.118,0.354,7.494
318,Switzerland,1.5649795532226598,0.858131289482117,1.51691174507141,0.620070576667786,0.3670072853565221,0.29054927825927696,7.49399995803833
630,Netherlands,1.396,0.999,1.5219999999999998,0.557,0.298,0.322,7.487999999999999
786,Norway,1.42420733,1.0080718990000002,1.495172501,0.670200884,0.434100568,0.287985086,7.4879999160000015
474,Switzerland,1.42,0.927,1.5490000000000002,0.66,0.35700000000000004,0.256,7.487
631,Switzerland,1.452,1.052,1.526,0.5720000000000001,0.343,0.263,7.48
319,Finland,1.44357192516327,0.80915766954422,1.5402467250824,0.6179508566856379,0.38261154294014,0.24548277258873,7.468999862670901
787,Netherlands,1.338946342,0.975675344,1.463645935,0.61362648,0.368569762,0.336317569,7.448900223
475,Netherlands,1.361,0.878,1.4880000000000002,0.638,0.295,0.333,7.441
4,Canada,1.32629,0.90563,1.32261,0.63297,0.32957,0.45811,7.427
162,Finland,1.40598,0.81091,1.13464,0.57104,0.41004,0.25492,7.4129999999999985
5,Finland,1.29025,0.8891100000000001,1.31826,0.64169,0.41372,0.23351,7.4060000000000015
163,Canada,1.44015,0.8276,1.0961,0.5737,0.31329,0.44834,7.404
6,Netherlands,1.32944,0.89284,1.28017,0.6157600000000001,0.31814000000000003,0.4761,7.377999999999999
320,Netherlands,1.50394463539124,0.8106961250305179,1.42893922328949,0.5853844881057739,0.282661825418472,0.470489829778671,7.3769998550415
7,Sweden,1.33171,0.91087,1.2890700000000002,0.6598,0.43844,0.36262,7.364
788,Sweden,1.322235227,0.986470461,1.4333477019999998,0.6502977010000001,0.442066371,0.272827893,7.353499889
632,Sweden,1.3869999999999998,1.009,1.487,0.574,0.373,0.267,7.343
164,Netherlands,1.46468,0.8123100000000001,1.02912,0.55211,0.29927,0.47416,7.338999999999999
165,New Zealand,1.36066,0.83096,1.17278,0.5814699999999999,0.41904,0.4940100000000001,7.334
476,Canada,1.33,0.8959999999999999,1.5319999999999998,0.653,0.29100000000000004,0.321,7.3279999999999985
477,New Zealand,1.268,0.8759999999999999,1.601,0.669,0.389,0.365,7.324
321,Canada,1.47920441627502,0.83455765247345,1.48134899139404,0.611100912094116,0.287371516227722,0.435539722442627,7.31599998474121
322,New Zealand,1.40570604801178,0.816759705543518,1.54819512367249,0.6140621304512021,0.38281670212745705,0.500005125999451,7.31400012969971
478,Sweden,1.355,0.913,1.501,0.659,0.383,0.285,7.314
166,Australia,1.44443,0.8512,1.10476,0.5683699999999999,0.32331,0.47407,7.313
633,New Zealand,1.3030000000000002,1.026,1.557,0.585,0.38,0.33,7.307
789,New Zealand,1.242317915,1.008138299,1.48721838,0.646789908,0.461268276,0.325726211,7.299600123999999
790,Austria,1.317285538,1.000933528,1.437444925,0.6033688779999999,0.281256139,0.255509764,7.294199944
167,Sweden,1.45181,0.83121,1.08764,0.58218,0.40867,0.38254,7.291
8,New Zealand,1.2501799999999998,0.90837,1.31967,0.6393800000000001,0.42922,0.47501,7.286
9,Australia,1.33358,0.93156,1.30923,0.6512399999999999,0.35637,0.43562,7.284
323,Sweden,1.49438726902008,0.830875158309937,1.47816216945648,0.612924098968506,0.384398728609085,0.38539925217628496,7.28399991989136
324,Australia,1.4844149351120002,0.84388679265976,1.5100419521331798,0.601607382297516,0.301183730363846,0.477699249982834,7.28399991989136
10,Israel,1.2285700000000002,0.91387,1.22393,0.41319,0.07785,0.33172,7.278
634,Canada,1.365,1.039,1.505,0.584,0.308,0.285,7.278
479,Australia,1.34,0.91,1.5730000000000002,0.647,0.302,0.361,7.272
168,Israel,1.33766,0.8491700000000001,0.99537,0.36432,0.08728,0.32288,7.267
635,Austria,1.376,1.016,1.475,0.532,0.226,0.244,7.246
791,Luxembourg,1.536676049,0.986442685,1.387528419,0.610137045,0.367041469,0.19595392,7.237500191
792,Canada,1.301647663,1.022501945,1.4353919030000002,0.644028127,0.35170185600000003,0.28152892,7.23210001
636,Australia,1.372,1.036,1.548,0.557,0.29,0.332,7.228
11,Costa Rica,0.95578,0.8602700000000001,1.23788,0.63376,0.10583,0.25497,7.226
793,Australia,1.310396433,1.022607684,1.477146268,0.621877193,0.335996419,0.324973613,7.222799778
325,Israel,1.3753824234008798,0.83840399980545,1.37628996372223,0.405988603830338,0.0852421000599861,0.330082654953003,7.212999820709231
12,Austria,1.33723,0.8904200000000001,1.29704,0.62433,0.18676,0.33088,7.2
480,United Kingdom,1.244,0.888,1.433,0.464,0.08199999999999999,0.262,7.19
13,Mexico,1.02054,0.8144399999999999,0.91451,0.48181,0.21312,0.14074,7.187
637,Costa Rica,1.034,0.963,1.4409999999999998,0.5579999999999999,0.093,0.14400000000000002,7.167000000000002
794,United Kingdom,1.273061037,0.97570008,1.457844973,0.525168657,0.322601646,0.373433441,7.164500237
481,Austria,1.341,0.8909999999999999,1.504,0.617,0.224,0.242,7.1389999999999985
638,Israel,1.276,1.029,1.455,0.371,0.08199999999999999,0.261,7.1389999999999985
795,Israel,1.216463685,1.008052945,1.4032567740000002,0.420699477,0.09989845,0.26686179600000004,7.128600121
796,Costa Rica,0.981107712,0.939635336,1.374853611,0.6450177429999999,0.096362092,0.131266311,7.121399879
169,Austria,1.45038,0.80565,1.0838299999999998,0.54355,0.21348000000000006,0.32865,7.119
14,United States,1.39451,0.86179,1.24711,0.54604,0.1589,0.40105,7.119
170,United States,1.50796,0.779,1.04782,0.48163,0.14868,0.41077,7.104
797,Ireland,1.446886778,0.975670695,1.470596433,0.587779939,0.373433262,0.295426995,7.093699932000001
639,Luxembourg,1.609,1.012,1.479,0.526,0.316,0.194,7.09
171,Costa Rica,1.06879,0.76146,1.02152,0.55225,0.10547,0.22553,7.0870000000000015
326,Costa Rica,1.10970628261566,0.7595092654228209,1.4164036512374898,0.580131649971008,0.100106589496136,0.21461322903633104,7.0789999961853
798,Germany,1.314184546,0.972114801,1.368543744,0.564274132,0.309362292,0.252037704,7.075799942000001
482,Costa Rica,1.01,0.8170000000000001,1.459,0.632,0.101,0.14300000000000002,7.072
640,United Kingdom,1.3330000000000002,0.996,1.538,0.45,0.278,0.348,7.0539999999999985
172,Puerto Rico,1.35943,0.77758,1.08113,0.46823,0.12275,0.22202,7.039
641,Ireland,1.499,0.999,1.5530000000000002,0.516,0.31,0.298,7.021
327,Austria,1.48709726333618,0.8153284192085269,1.4599449634552,0.567766189575195,0.22106036543846105,0.316472321748734,7.00600004196167
173,Germany,1.44787,0.81487,1.09774,0.53466,0.28551,0.30452,6.994
328,United States,1.54625928401947,0.7742866277694699,1.4199205636978105,0.505740523338318,0.135638788342476,0.392578780651093,6.993000030517581
642,Germany,1.3730000000000002,0.987,1.454,0.495,0.265,0.261,6.985
15,Brazil,0.98124,0.69702,1.23287,0.49049,0.17521,0.14574,6.983
329,Ireland,1.5357066392898602,0.8097826242446899,1.55823111534119,0.5731103420257571,0.2983881533145901,0.42785832285881,6.977000236511231
483,Ireland,1.4480000000000002,0.8759999999999999,1.5830000000000002,0.614,0.306,0.307,6.977
484,Germany,1.34,0.861,1.474,0.586,0.28,0.273,6.965
174,Brazil,1.08754,0.61415,1.03938,0.40425,0.14165999999999998,0.15775999999999998,6.952000000000001
330,Germany,1.48792338371277,0.798950731754303,1.47252035140991,0.562511384487152,0.276731938123703,0.33626917004585305,6.9510002136230495
16,Luxembourg,1.56391,0.91894,1.21963,0.61583,0.37798,0.28034000000000003,6.9460000000000015
17,Ireland,1.33596,0.89533,1.36948,0.6177699999999999,0.28703,0.45901,6.94
799,United States,1.37398684,0.831618011,1.404786706,0.534608245,0.152284741,0.298143059,6.9395999910000015
18,Belgium,1.30782,0.8966700000000001,1.28566,0.5845,0.2254,0.2225,6.937
175,Belgium,1.42539,0.8195899999999999,1.05249,0.51354,0.26248,0.2424,6.9289999999999985
485,Belgium,1.324,0.894,1.483,0.583,0.24,0.188,6.9270000000000005
643,Belgium,1.356,0.986,1.504,0.473,0.21,0.16,6.922999999999999
800,Czech Republic,1.212322354,0.89456445,1.40528667,0.505744576,0.049803223,0.046325929,6.9109001160000005
486,Luxembourg,1.5759999999999998,0.8959999999999999,1.52,0.632,0.321,0.196,6.91
176,Ireland,1.48341,0.81455,1.16157,0.54008,0.29754,0.44963,6.907
19,United Arab Emirates,1.42727,0.80925,1.12575,0.64157,0.38583,0.26428,6.901
644,United States,1.433,0.8740000000000001,1.457,0.454,0.128,0.28,6.892
331,Belgium,1.46378076076508,0.8180918693542479,1.4623126983642598,0.5397707223892211,0.251343131065369,0.23150333762168895,6.89099979400635
487,United States,1.398,0.8190000000000001,1.471,0.547,0.133,0.29100000000000004,6.886
177,Luxembourg,1.69752,0.8454200000000001,1.03999,0.5487,0.35329,0.27571,6.871
20,United Kingdom,1.26637,0.90943,1.28548,0.59625,0.32067,0.51912,6.867000000000001
801,Belgium,1.295842767,0.964901149,1.3986775880000002,0.499805421,0.208724052,0.146966159,6.863500117999999
332,Luxembourg,1.74194359779358,0.845089495182037,1.45758366584778,0.59662789106369,0.31883442401886,0.283180981874466,6.86299991607666
21,Oman,1.36011,0.76276,1.08182,0.63274,0.32524000000000003,0.21542,6.853
645,Czech Republic,1.269,0.92,1.487,0.457,0.036000000000000004,0.046,6.852
646,United Arab Emirates,1.503,0.825,1.31,0.598,0.182,0.262,6.825
488,Israel,1.301,0.883,1.5590000000000002,0.5329999999999999,0.272,0.354,6.814
22,Venezuela,1.04424,0.7205199999999999,1.25596,0.42908,0.11069,0.05841,6.81
23,Singapore,1.52186,1.02525,1.02,0.54252,0.4921,0.31105,6.797999999999999
802,United Arab Emirates,1.4310864209999998,0.787814438,1.251170993,0.652936101,0.220213518,0.28065598,6.790800095
24,Panama,1.06353,0.79661,1.1985,0.5421,0.0927,0.24434,6.7860000000000005
178,Mexico,1.1150799999999998,0.71143,0.7146,0.37709,0.18355,0.11735,6.778
489,United Arab Emirates,2.096,0.67,0.7759999999999999,0.284,,0.18600000000000005,6.774
803,Malta,1.252513289,0.972042024,1.442956924,0.633239031,0.17886407699999998,0.341180831,6.7727999689999985
25,Germany,1.32792,0.89186,1.29937,0.6147699999999999,0.21843,0.28214,6.75
179,Singapore,1.64555,0.94719,0.8675799999999999,0.4877,0.46987,0.32706,6.739
647,Malta,1.3,0.999,1.52,0.564,0.151,0.375,6.726
180,United Kingdom,1.40283,0.80991,1.08672,0.50036,0.27399,0.50156,6.725
333,United Kingdom,1.44163393974304,0.805335938930511,1.4964600801467902,0.508190035820007,0.265428066253662,0.492774158716202,6.71400022506714
490,Czech Republic,1.233,0.8540000000000001,1.489,0.5429999999999999,0.034,0.064,6.711
181,Chile,1.2167,0.8188300000000001,0.90587,0.37789,0.11451,0.31595,6.705
182,Panama,1.18306,0.70835,0.98912,0.48927,0.08423,0.2418,6.7010000000000005
26,Chile,1.10715,0.85857,1.12447,0.44132,0.12869,0.33363000000000004,6.67
804,France,1.268129349,1.029714227,1.458839178,0.5140509010000001,0.227303237,0.112607703,6.663799762999999
334,Chile,1.25278460979462,0.8194797039031979,1.28402495384216,0.376895278692245,0.0822879821062088,0.3266624212265011,6.65199995040894
183,Argentina,1.15137,0.69711,1.0661200000000002,0.42284,0.07296,0.10989000000000003,6.65
335,United Arab Emirates,1.6263433694839498,0.726798236370087,1.26641023159027,0.60834527015686,0.324489563703537,0.3609419465065,6.6479997634887695
336,Brazil,1.10735321044922,0.6165523529052729,1.43130600452423,0.437453746795654,0.111092761158943,0.16234989464282998,6.63500022888184
491,Malta,1.27,0.884,1.525,0.645,0.142,0.376,6.627000000000002
27,Qatar,1.69042,0.79733,1.0786,0.6404,0.52208,0.32573,6.6110000000000015
337,Czech Republic,1.35268235206604,0.754444003105164,1.43388521671295,0.490946173667908,0.0368729270994663,0.0881067588925362,6.60900020599365
338,Argentina,1.18529546260834,0.695137083530426,1.44045114517212,0.4945192039012911,0.059739887714385986,0.109457060694695,6.59899997711182
184,Czech Republic,1.30915,0.76376,1.00793,0.41418,0.03986,0.09929,6.596
648,Mexico,1.07,0.861,1.3230000000000002,0.433,0.073,0.07400000000000001,6.595
649,France,1.324,1.045,1.472,0.436,0.183,0.111,6.5920000000000005
339,Mexico,1.15318381786346,0.709978997707367,1.210862159729,0.412730008363724,0.132774114608765,0.120990432798862,6.57800006866455
28,France,1.27778,0.94579,1.2603799999999998,0.55011,0.20646,0.12332,6.575
29,Argentina,1.05351,0.78723,1.24823,0.44974,0.08484,0.11451,6.574
185,United Arab Emirates,1.57352,0.72993,0.8711399999999999,0.56215,0.35561,0.26591,6.573
340,Singapore,1.69227766990662,0.9494923949241642,1.35381436347961,0.549840569496155,0.46430778503418,0.345965981483459,6.57200002670288
186,Uruguay,1.18157,0.72183,1.0314299999999998,0.54388,0.21394,0.18056,6.545
341,Malta,1.34327983856201,0.821944236755371,1.48841166496277,0.588767051696777,0.153066068887711,0.5747305750846861,6.52699995040894
30,Czech Republic,1.17898,0.84483,1.20643,0.46364,0.02652,0.10686,6.505
492,France,1.293,0.908,1.466,0.52,0.17600000000000002,0.098,6.489
493,Mexico,1.038,0.7609999999999999,1.252,0.479,0.095,0.069,6.488
187,Malta,1.30782,0.80315,1.09879,0.54994,0.17554,0.56237,6.488
31,Uruguay,1.06166,0.8116,1.2089,0.6036199999999999,0.24558,0.2324,6.485
188,Colombia,1.03032,0.59659,1.02169,0.44735,0.05399,0.15625999999999998,6.481
189,France,1.39488,0.83795,1.00508,0.46562,0.17808,0.1216,6.478
32,Colombia,0.91861,0.69077,1.2401799999999998,0.53466,0.0512,0.18401,6.477
494,Chile,1.131,0.8079999999999999,1.331,0.431,0.061,0.197,6.476
190,Thailand,1.0893,0.64915,1.04477,0.49553,0.02833,0.58696,6.474
805,Mexico,1.024387479,0.831601024,1.226333499,0.553892553,0.083133668,0.083094485,6.465000152999999
806,Taiwan Province of China,1.3274705409999998,0.8784379959999999,1.357760668,0.449404389,0.131516352,0.150598705,6.45539999
33,Thailand,0.9669,0.7385,1.26504,0.5566399999999999,0.03187,0.5763,6.455
342,Uruguay,1.21755969524384,0.719216823577881,1.41222786903381,0.5793922543525699,0.17806187272071802,0.175096929073334,6.4539999961853
343,Guatemala,0.872001945972443,0.540239989757538,1.25558519363403,0.5313106179237371,0.0772232785820961,0.283488392829895,6.4539999961853
344,Panama,1.23374843597412,0.706156134605408,1.3731925487518302,0.550026834011078,0.070983923971653,0.21055693924427,6.4520001411438
650,Taiwan,1.368,0.914,1.43,0.35100000000000003,0.097,0.242,6.4460000000000015
651,Chile,1.159,0.92,1.369,0.35700000000000004,0.056,0.187,6.444
345,France,1.43092346191406,0.8444658517837521,1.38777685165405,0.470222115516663,0.172502428293228,0.129762306809425,6.44199991226196
495,Taiwan,1.365,0.857,1.436,0.418,0.078,0.151,6.441
807,Uruguay,1.071000457,0.856928885,1.425081134,0.59426707,0.193425074,0.132143691,6.440100192999999
652,Guatemala,0.8,0.746,1.269,0.535,0.078,0.175,6.436
496,Panama,1.112,0.759,1.4380000000000002,0.597,0.063,0.125,6.43
346,Thailand,1.12786877155304,0.647239029407501,1.4257924556732198,0.580200731754303,0.0316127352416515,0.572123110294342,6.423999786376951
347,Taiwan Province of China,1.4336265325546298,0.793984234333038,1.38456535339355,0.361466586589813,0.0638292357325554,0.258360475301743,6.42199993133545
497,Brazil,0.986,0.675,1.474,0.493,0.08800000000000001,0.11,6.419
34,Saudi Arabia,1.39541,0.72025,1.0839299999999998,0.31048000000000003,0.32524000000000003,0.13706,6.4110000000000005
808,Saudi Arabia,1.334328532,0.759818137,1.309950113,0.548477471,0.163322315,0.087440684,6.406499863
348,Spain,1.38439786434174,0.888960599899292,1.53209090232849,0.408781230449677,0.0709140971302986,0.190133571624756,6.40299987792969
809,Spain,1.230535269,1.051343083,1.421099186,0.425983816,0.109579779,0.16530548,6.4008998870000005
810,Guatemala,0.7538157109999999,0.705952585,1.174267054,0.613146722,0.0983603,0.170611665,6.398900032
498,Argentina,1.073,0.7440000000000001,1.4680000000000002,0.57,0.054000000000000006,0.062,6.388
811,Italy,1.236396074,1.022504926,1.3472959999999998,0.321305573,0.040145598,0.17026621100000006,6.38740015
499,Guatemala,0.7809999999999999,0.608,1.268,0.604,0.071,0.179,6.3820000000000014
192,Taiwan,1.39729,0.79565,0.92624,0.32377,0.0663,0.25495,6.379
191,Saudi Arabia,1.48953,0.59267,0.84829,0.37904,0.30008,0.15457,6.379
500,Uruguay,1.093,0.7709999999999999,1.459,0.625,0.155,0.13,6.379
812,Singapore,1.519580126,1.137814283,1.39545691,0.635317206,0.533162236,0.218770906,6.3770999910000015
813,Brazil,0.952679873,0.766119063,1.363464117,0.483292729,0.106518604,0.131674588,6.375599861
349,Qatar,1.87076568603516,0.7100980877876278,1.27429687976837,0.604130983352661,0.4392992556095121,0.33047387003898604,6.375
653,Saudi Arabia,1.403,0.795,1.357,0.439,0.132,0.08,6.375
193,Qatar,1.82427,0.71723,0.87964,0.56679,0.48049,0.32388,6.375
501,Qatar,1.649,0.748,1.3030000000000002,0.654,0.171,0.256,6.374
654,Qatar,1.6840000000000002,0.871,1.3130000000000002,0.555,0.16699999999999998,0.22,6.374
502,Saudi Arabia,1.379,0.633,1.331,0.509,0.127,0.098,6.371
814,Slovenia,1.208652496,0.932548046,1.464677691,0.646700144,0.076516323,0.145701498,6.363399982000001
194,Spain,1.34253,0.8789600000000001,1.12945,0.37545,0.061370000000000015,0.17665,6.3610000000000015
350,Colombia,1.07062232494354,0.595027923583984,1.4021829366683998,0.477487415075302,0.0466687418520451,0.14901447296142598,6.35699987411499
195,Algeria,1.05266,0.6180399999999999,0.83309,0.21006,0.16157,0.07044,6.355
655,Spain,1.286,1.062,1.484,0.362,0.079,0.153,6.354
815,El Salvador,0.748940408,0.752730012,1.149397612,0.5240439179999999,0.117030352,0.1189363,6.34829998
351,Saudi Arabia,1.53062355518341,0.590148329734802,1.28667759895325,0.449750572443008,0.27343225479126004,0.147616013884544,6.343999862670901
503,Singapore,1.529,1.008,1.4509999999999998,0.631,0.457,0.261,6.343
35,Spain,1.23011,0.95562,1.31379,0.45951,0.06398,0.18227,6.329
816,Kosovo,0.8404813409999999,0.672709167,1.183962822,0.557280421,0.008559024,0.325286865,6.325200081
196,Guatemala,0.83454,0.5403899999999999,0.8711899999999999,0.50379,0.08701,0.28808,6.324
504,Malaysia,1.161,0.669,1.258,0.35600000000000004,0.059,0.311,6.322
656,Panama,1.149,0.91,1.442,0.516,0.054000000000000006,0.109,6.3210000000000015
505,Spain,1.251,0.965,1.538,0.449,0.07400000000000001,0.142,6.31
817,Panama,1.097667813,0.878546536,1.3761492969999998,0.57984978,0.054230526,0.097207308,6.3048000339999986
36,Malta,1.2074,0.88721,1.30203,0.60365,0.13585999999999998,0.51752,6.3020000000000005
657,Brazil,1.004,0.802,1.439,0.39,0.086,0.099,6.3
37,Taiwan,1.29098,0.8753,1.07617,0.3974,0.08129,0.25376,6.297999999999999
38,Kuwait,1.5542200000000002,0.72492,1.16594,0.55499,0.25609,0.16228,6.295
658,Uruguay,1.124,0.8909999999999999,1.465,0.523,0.15,0.127,6.292999999999998
818,Slovakia,1.194837689,0.853465259,1.424331188,0.423542529,0.011291441,0.116729774,6.280600071
39,Suriname,0.99534,0.6082,0.972,0.5965699999999999,0.13633,0.16990999999999998,6.269
197,Suriname,1.09686,0.5093300000000001,0.77866,0.5223399999999999,0.12692,0.16665,6.269
659,Singapore,1.5719999999999998,1.141,1.463,0.556,0.453,0.271,6.2620000000000005
506,Colombia,0.96,0.635,1.439,0.531,0.039,0.099,6.26
819,Uzbekistan,0.6966529490000001,0.716703713,1.4340200419999998,0.6932703259999999,0.280260265,0.363311023,6.257599831
660,El Salvador,0.794,0.789,1.242,0.43,0.07400000000000001,0.093,6.252999999999999
198,Kuwait,1.61714,0.63569,0.8775799999999999,0.43166,0.23669,0.15965,6.239
820,Chile,1.096992493,0.889260828,1.323286891,0.417482227,0.06284935,0.155579001,6.228499889
821,Bahrain,1.296692252,0.838836372,1.31532371,0.610399902,0.12669725699999998,0.287453711,6.227300167
661,Italy,1.294,1.039,1.4880000000000002,0.231,0.03,0.158,6.223
199,Bahrain,1.44024,0.65696,0.94397,0.47375,0.25772,0.17147,6.218
822,Lithuania,1.193559647,0.795421183,1.432865739,0.42046079,0.081350274,0.053691041,6.215499877999999
662,Bahrain,1.362,0.871,1.368,0.536,0.11,0.255,6.199
663,Slovakia,1.246,0.8809999999999999,1.504,0.334,0.014,0.121,6.198
664,Trinidad & Tobago,1.231,0.713,1.477,0.489,0.016,0.185,6.192
507,Trinidad & Tobago,1.223,0.564,1.492,0.575,0.019,0.171,6.192
823,Trinidad and Tobago,1.167641521,0.658828557,1.407326221,0.55293113,0.015078396,0.199358255,6.1918997760000005
824,Poland,1.16922915,0.868038476,1.310399771,0.557903528,0.160541251,0.06337424400000001,6.1862998010000005
665,Poland,1.206,0.884,1.4380000000000002,0.483,0.05,0.117,6.182
666,Uzbekistan,0.745,0.7559999999999999,1.529,0.631,0.24,0.322,6.174
508,Slovakia,1.21,0.7759999999999999,1.537,0.354,0.014,0.118,6.172999999999999
352,Trinidad and Tobago,1.36135590076447,0.5199832916259771,1.3802285194397,0.518630743026733,0.00896481610834599,0.32529646158218395,6.1680002212524405
40,Trinidad and Tobago,1.21183,0.61483,1.18354,0.55884,0.0114,0.31844,6.167999999999998
200,Trinidad and Tobago,1.32572,0.52608,0.98569,0.48453,0.01241,0.31935,6.167999999999998
509,El Salvador,0.8059999999999999,0.639,1.231,0.461,0.08199999999999999,0.065,6.167000000000002
825,Colombia,0.93220371,0.8100201490000001,1.33445096,0.526890039,0.04584837,0.092374094,6.163400172999999
826,Cyprus,1.21279943,1.026124597,1.149170756,0.459385872,0.051207144,0.227932334,6.15899992
667,Lithuania,1.238,0.818,1.515,0.29100000000000004,0.042,0.043,6.149
510,Nicaragua,0.6679999999999999,0.7,1.319,0.527,0.128,0.208,6.141
827,Nicaragua,0.620033145,0.803093255,1.27081275,0.560117304,0.174084574,0.212871477,6.13710022
41,El Salvador,0.76454,0.67737,1.02507,0.4035,0.11776,0.10692,6.13
668,Colombia,0.985,0.841,1.41,0.47,0.034,0.099,6.125
828,Romania,1.1204016209999998,0.79229486,1.1944381000000002,0.534852326,0.0008295689999999999,0.068181619,6.123700142000001
42,Guatemala,0.74553,0.64425,1.04356,0.57733,0.09472,0.27489,6.122999999999998
511,Poland,1.176,0.7809999999999999,1.4480000000000002,0.546,0.064,0.108,6.122999999999998
669,Slovenia,1.258,0.953,1.523,0.564,0.057,0.14400000000000002,6.1179999999999986
353,Kuwait,1.63295245170593,0.6321057081222529,1.25969874858856,0.496337592601776,0.21515955030918105,0.228289797902107,6.10500001907349
512,Bahrain,1.338,0.698,1.366,0.594,0.123,0.243,6.105
670,Nicaragua,0.6940000000000001,0.835,1.325,0.435,0.127,0.2,6.105
829,Kuwait,1.424833655,0.776468933,1.244779825,0.5702614189999999,0.112814933,0.132751092,6.102099895
830,Mauritius,1.07366395,0.7633894090000001,1.395666838,0.590838134,0.084088229,0.186894551,6.101299762999999
671,Kosovo,0.882,0.758,1.232,0.489,0.006,0.262,6.1
354,Slovakia,1.32539355754852,0.712732911109924,1.5050592422485398,0.295817464590073,0.0242108516395092,0.136544480919838,6.09800004959106
513,Uzbekistan,0.7190000000000001,0.605,1.584,0.7240000000000001,0.259,0.328,6.096
355,Bahrain,1.48841226100922,0.653133034706116,1.3231104612350502,0.536746919155121,0.257042169570923,0.17266848683357194,6.08699989318848
672,Argentina,1.092,0.8809999999999999,1.432,0.471,0.05,0.066,6.086
356,Malaysia,1.29121541976929,0.618784427642822,1.28464603424072,0.4022649824619289,0.0656007081270218,0.416608929634094,6.08400011062622
201,Venezuela,1.1336700000000002,0.6190399999999999,1.03302,0.19847,0.08304,0.0425,6.084
514,Kuwait,1.474,0.675,1.301,0.5539999999999999,0.106,0.16699999999999998,6.082999999999998
202,Slovakia,1.27973,0.70367,1.08268,0.23391,0.02947,0.13837,6.0779999999999985
515,Thailand,1.016,0.7070000000000001,1.4169999999999998,0.637,0.029,0.364,6.072
357,Nicaragua,0.737299203872681,0.6530959606170649,1.28721570968628,0.447551846504211,0.130687981843948,0.301674216985703,6.07100009918213
673,Romania,1.162,0.825,1.232,0.462,0.005,0.083,6.07
203,El Salvador,0.8737,0.596,0.80975,0.37269,0.10613,0.08877,6.068
831,Kazakhstan,1.122594237,0.6987889409999999,1.453267694,0.497432142,0.110463686,0.15371379300000002,6.0578999520000005
674,Cyprus,1.263,1.042,1.223,0.406,0.041,0.19,6.046
675,Ecuador,0.912,0.868,1.3119999999999998,0.498,0.087,0.126,6.028
832,Estonia,1.192441225,0.842615008,1.453232527,0.576664805,0.201766819,0.12513674800000002,6.0218000410000005
676,Kuwait,1.5,0.8079999999999999,1.319,0.493,0.097,0.142,6.021
677,Thailand,1.05,0.828,1.409,0.557,0.028,0.359,6.007999999999999
358,Ecuador,1.00082039833069,0.685636222362518,1.28616881370544,0.4551981985569,0.140134647488594,0.15011246502399406,6.00799989700317
833,Philippines,0.7751206759999999,0.602189481,1.245381713,0.6219151620000001,0.13038572699999998,0.129260212,6.006000042
204,Malaysia,1.25142,0.62366,0.88025,0.39031,0.09081,0.41474,6.005
43,Uzbekistan,0.63244,0.59772,1.34043,0.6582100000000001,0.30826,0.22837,6.002999999999999
359,El Salvador,0.909784495830536,0.596018552780151,1.1821250915527302,0.432452529668808,0.0899809598922729,0.0782579854130745,6.0029997825622585
834,Hungary,1.164307117,0.806793869,1.423009396,0.386401802,0.027548173,0.070491239,6.000400066
516,Italy,1.264,0.946,1.501,0.281,0.028,0.13699999999999998,6.0
835,Thailand,1.007029295,0.7938558459999999,1.3475195169999998,0.609449804,0.031837862,0.376709014,5.9987998010000005
44,Slovakia,1.16891,0.7890199999999999,1.26999,0.31751,0.03431,0.16893,5.995
205,Nicaragua,0.69384,0.65213,0.8952100000000001,0.46582,0.16292,0.29773,5.992000000000001
206,Uzbekistan,0.7359100000000001,0.50163,1.1681,0.60848,0.28333,0.34326,5.987
45,Japan,1.27074,0.99111,1.25712,0.49615,0.1806,0.10705,5.987
46,South Korea,1.24461,0.96538,0.95774,0.33208000000000004,0.07857,0.18557,5.984
207,Italy,1.35495,0.8510200000000001,1.04167,0.18827,0.02556,0.16684000000000002,5.977
208,Ecuador,0.97306,0.68613,0.85974,0.4027,0.18037,0.10074,5.976
47,Ecuador,0.8640200000000001,0.79075,0.99903,0.48574,0.1809,0.11540999999999997,5.975
836,Argentina,1.028465629,0.849773705,1.372543693,0.520840347,0.060415059000000014,0.070100471,5.974699974
360,Poland,1.29178786277771,0.699475347995758,1.44571197032928,0.520342111587524,0.0593078061938286,0.158465966582298,5.97300004959106
517,Ecuador,0.889,0.736,1.33,0.556,0.12,0.114,5.973
361,Uzbekistan,0.786441087722778,0.498272627592087,1.54896914958954,0.6582486629486078,0.246528223156929,0.415983647108078,5.97100019454956
362,Italy,1.39506661891937,0.8531443476676941,1.44492328166962,0.256450712680817,0.0280280914157629,0.17278964817523998,5.96400022506714
363,Russia,1.28177809715271,0.547349333763123,1.46928238868713,0.373783111572266,0.0329628810286522,0.0522638224065304,5.962999820709231
48,Bahrain,1.32376,0.74716,1.21624,0.45492,0.306,0.17362,5.96
518,Belize,0.807,0.474,1.101,0.593,0.08900000000000001,0.183,5.956
209,Belize,0.87616,0.45569,0.68655,0.51231,0.10771,0.23684,5.956
364,Belize,0.907975316047668,0.450191766023636,1.08141779899597,0.5475093722343439,0.0965810716152191,0.24001564085483604,5.955999851226809
837,Honduras,0.598763585,0.791989982,1.186664104,0.568148077,0.086807102,0.256528199,5.953199862999999
519,Lithuania,1.197,0.716,1.527,0.35,0.006,0.026,5.952000000000001
838,Latvia,1.14139545,0.7779024240000001,1.414398789,0.329198807,0.090391524,0.075407945,5.949999809
49,Italy,1.25114,0.95446,1.19777,0.26236,0.02901,0.22823,5.948
520,Slovenia,1.219,0.856,1.506,0.633,0.051,0.16,5.948
521,Romania,1.116,0.726,1.219,0.528,0.001,0.08800000000000001,5.945
678,Latvia,1.187,0.812,1.465,0.264,0.064,0.075,5.94
522,Latvia,1.148,0.6709999999999999,1.454,0.363,0.066,0.092,5.933
839,Ecuador,0.853383601,0.838837743,1.221027613,0.555234551,0.086753383,0.115006477,5.925199986
210,Japan,1.38007,0.91491,1.06054,0.46761,0.18985,0.10224,5.921
365,Japan,1.41691517829895,0.9134758710861208,1.43633782863617,0.505625545978546,0.163760736584663,0.12057276815176,5.92000007629395
211,Kazakhstan,1.22943,0.57386,0.95544,0.4052,0.11132,0.15011,5.919
523,Japan,1.294,0.988,1.462,0.5529999999999999,0.15,0.079,5.915
840,Portugal,1.168800831,0.979315281,1.339530349,0.5898951889999999,0.027733466,0.053036947,5.9109001160000005
366,Lithuania,1.3145823478698702,0.62894994020462,1.47351610660553,0.234231784939766,0.0118656428530812,0.010164656676352,5.90199995040894
212,Moldova,0.69177,0.5230899999999999,0.8313200000000001,0.25202,0.01903,0.19997,5.897
679,South Korea,1.301,1.036,1.219,0.159,0.056,0.175,5.895
680,Estonia,1.237,0.8740000000000001,1.528,0.495,0.161,0.103,5.893
524,Mauritius,1.09,0.684,1.3869999999999998,0.584,0.05,0.245,5.891
681,Jamaica,0.831,0.831,1.4780000000000002,0.49,0.028,0.107,5.89
525,Jamaica,0.8190000000000001,0.693,1.493,0.575,0.031,0.096,5.89
50,Bolivia,0.68133,0.5392,0.97841,0.57414,0.08800000000000001,0.20536,5.89
841,Jamaica,0.779058397,0.7884340879999999,1.408289194,0.553124607,0.030147785,0.116268493,5.889800072000001
51,Moldova,0.59448,0.61826,1.01528,0.32818,0.01615,0.20951,5.8889999999999985
682,Mauritius,1.12,0.7979999999999999,1.402,0.498,0.06,0.215,5.888
683,Japan,1.327,1.088,1.419,0.445,0.14,0.069,5.886
52,Paraguay,0.75985,0.66098,1.30477,0.53899,0.08242000000000001,0.3424,5.877999999999999
526,South Korea,1.266,0.955,1.204,0.244,0.051,0.175,5.875
842,South Korea,1.245300651,1.022542596,1.133560538,0.25935635,0.094596282,0.17030386600000005,5.872399807000001
367,Algeria,1.09186446666718,0.6175846457481379,1.1462174654007,0.233335807919502,0.14609611034393302,0.0694366469979286,5.8720002174377415
843,Japan,1.26672411,1.072881341,1.332338691,0.495465875,0.181439638,0.03571178,5.870800018
684,Honduras,0.642,0.828,1.236,0.507,0.078,0.246,5.86
213,Russia,1.2322799999999998,0.58991,1.05261,0.32682,0.03586,0.02736,5.856
53,Kazakhstan,1.12254,0.64368,1.12241,0.51649,0.08454,0.11827,5.855
368,Latvia,1.26074862480164,0.638566970825195,1.40471494197845,0.325707912445068,0.0738427266478539,0.153074786067009,5.849999904632571
54,Slovenia,1.18498,0.8733700000000001,1.27385,0.60855,0.03787,0.25328,5.848
369,South Korea,1.40167844295502,0.900214076042175,1.1282744407653795,0.257921665906906,0.0632826685905457,0.206674367189407,5.837999820709231
370,Moldova,0.7288706302642819,0.5894652009010309,1.25182557106018,0.240729048848152,0.0100912861526012,0.20877912640571605,5.837999820709231
215,South Korea,1.35948,0.88645,0.7219399999999999,0.25168,0.07716,0.18824,5.835
214,Poland,1.24585,0.69058,1.04685,0.4519,0.055,0.14443,5.835
527,Northern Cyprus,1.229,0.909,1.211,0.495,0.154,0.179,5.835
55,Lithuania,1.14723,0.73128,1.25745,0.21342,0.01031,0.026410000000000003,5.832999999999998
56,Nicaragua,0.59325,0.7431399999999999,1.14184,0.55475,0.19317,0.27815,5.8279999999999985
371,Romania,1.21768391132355,0.6851583123207089,1.15009129047394,0.457003742456436,0.004387900698930029,0.133519917726517,5.824999809265139
57,Peru,0.9001899999999999,0.73017,0.97459,0.4149600000000001,0.05989,0.14982,5.824
372,Bolivia,0.833756566047668,0.4736302495002751,1.22761905193329,0.5587329268455511,0.0604777261614799,0.22556072473526,5.82299995422363
373,Turkmenistan,1.1307767629623402,0.437726080417633,1.49314916133881,0.41827192902565,0.2592703402042389,0.24992498755455,5.82200002670288
216,Bolivia,0.79422,0.4697,0.8377899999999999,0.50961,0.07746,0.21698,5.822
374,Kazakhstan,1.2845562696456898,0.6060415506362921,1.38436901569366,0.43745428323745705,0.11928288638591802,0.20196442306041695,5.8189997673034695
217,Lithuania,1.2692,0.64674,1.06411,0.18929,0.0182,0.02025,5.813
58,Belarus,1.0319200000000002,0.7360800000000001,1.23289,0.37938,0.1909,0.11046,5.813
528,Russia,1.151,0.599,1.479,0.399,0.025,0.065,5.81
375,North Cyprus,1.3469113111496,0.834647238254547,1.18630337715149,0.471203625202179,0.155353352427483,0.266845703125,5.80999994277954
685,Kazakhstan,1.173,0.7290000000000001,1.508,0.41,0.096,0.146,5.809
218,Belarus,1.1306200000000002,0.6310399999999999,1.04993,0.29091,0.17457,0.13942000000000002,5.8020000000000005
844,Peru,0.91854918,0.824444175,1.208405972,0.513210058,0.02703266,0.091611817,5.796800137000001
59,Poland,1.12555,0.77903,1.27948,0.53122,0.04212,0.16759000000000002,5.791
529,Kazakhstan,1.143,0.631,1.516,0.454,0.121,0.14800000000000002,5.79
686,Bolivia,0.7759999999999999,0.706,1.209,0.511,0.064,0.13699999999999998,5.779
845,Serbia,0.988181829,0.828403294,1.327448964,0.395428419,0.059447147,0.15028289,5.77820015
219,North Cyprus,1.31141,0.8414200000000001,0.81826,0.43596,0.16577999999999998,0.26322,5.771
60,Malaysia,1.12486,0.7239399999999999,1.07023,0.5302399999999999,0.10501,0.33075,5.77
220,Slovenia,1.29947,0.79151,1.05613,0.53164,0.03635,0.25738,5.768
530,Cyprus,1.229,0.909,1.1909999999999998,0.423,0.035,0.202,5.7620000000000005
61,Croatia,1.08254,0.78805,0.79624,0.25883,0.0243,0.05444,5.759
687,Hungary,1.2009999999999998,0.828,1.41,0.199,0.02,0.081,5.757999999999999
376,Slovenia,1.3412059545517,0.7908282279968258,1.4525188207626298,0.572575807571411,0.0451289787888527,0.242649093270302,5.75799989700317
62,Libya,1.13145,0.7038,1.1186200000000002,0.41668,0.11023,0.18295,5.754
531,Bolivia,0.7509999999999999,0.508,1.223,0.606,0.054000000000000006,0.141,5.752000000000002
846,Bolivia,0.7309763429999999,0.6624456639999999,1.142350554,0.5744645,0.072942637,0.138375074,5.747499942999999
688,Paraguay,0.855,0.777,1.475,0.514,0.08,0.184,5.7429999999999986
221,Peru,0.99602,0.6299399999999999,0.81255,0.37502,0.05292,0.14527,5.7429999999999986
532,Estonia,1.2,0.737,1.5319999999999998,0.5529999999999999,0.174,0.086,5.739
689,Northern Cyprus,1.263,1.042,1.252,0.417,0.162,0.191,5.718
63,Russia,1.13764,0.6692600000000001,1.23617,0.36679,0.03005,0.00199,5.716
377,Peru,1.03522527217865,0.6301661133766171,1.21877038478851,0.4500028789043429,0.0470490865409374,0.126819714903831,5.71500015258789
64,Jamaica,0.81038,0.6874100000000001,1.1510200000000002,0.50442,0.02299,0.2123,5.709
690,Peru,0.96,0.8540000000000001,1.274,0.455,0.027000000000000003,0.083,5.697
65,North Cyprus,1.20806,0.92356,1.07008,0.49027,0.1428,0.26169000000000003,5.695
847,Pakistan,0.616799474,0.469933242,0.872979581,0.405421734,0.122592121,0.228705063,5.69329977
691,Portugal,1.221,0.999,1.431,0.508,0.025,0.047,5.693
848,Paraguay,0.897990823,0.7358696459999999,1.36819756,0.586510062,0.065077379,0.204299241,5.692100048
849,Dominican Republic,0.983191848,0.7419016959999999,1.328888893,0.5628739,0.115945682,0.112196781,5.689199924
66,Cyprus,1.20813,0.92356,0.89318,0.40672,0.06146,0.30638000000000004,5.689
533,Paraguay,0.835,0.615,1.5219999999999998,0.541,0.07400000000000001,0.162,5.681
850,Bosnia and Herzegovina,0.91839546,0.813928187,1.203986526,0.305365741,0.001172487,0.264005244,5.674099922000001
534,Peru,0.934,0.674,1.249,0.53,0.034,0.092,5.6629999999999985
535,Kosovo,0.855,0.578,1.23,0.448,0.023,0.274,5.662000000000001
222,Turkmenistan,1.08017,0.4400600000000001,1.03817,0.37408,0.28467,0.22567,5.658
692,Pakistan,0.677,0.535,0.8859999999999999,0.313,0.098,0.22,5.653
693,Russia,1.183,0.726,1.452,0.334,0.031,0.08199999999999999,5.648
223,Mauritius,1.14372,0.66189,0.75695,0.46145,0.052029999999999986,0.36951,5.648
536,Moldova,0.657,0.62,1.301,0.232,0.0,0.171,5.64
537,Turkmenistan,1.016,0.517,1.533,0.417,0.037000000000000005,0.199,5.636
694,Philippines,0.807,0.657,1.293,0.5579999999999999,0.107,0.117,5.631
378,Mauritius,1.18939554691315,0.6380074620246889,1.20956099033356,0.491247326135635,0.0421815551817417,0.360933750867844,5.62900018692017
379,Cyprus,1.35593807697296,0.84471470117569,1.13136327266693,0.35511153936386103,0.0412379764020443,0.271254301071167,5.62099981307983
538,Hungary,1.171,0.732,1.401,0.259,0.022,0.061,5.62
224,Libya,1.0668799999999998,0.52304,0.95076,0.40672,0.10339,0.17087,5.615
380,Estonia,1.3208793401718102,0.695168316364288,1.47667109966278,0.479131430387497,0.18324892222881306,0.0988908112049103,5.61100006103516
851,Moldova,0.7079167959999999,0.713299453,1.237312198,0.389571488,0.014378744,0.174049184,5.607500076
67,Algeria,0.93929,0.61766,1.07772,0.28579,0.17382999999999998,0.07822,5.605
695,Serbia,1.004,0.8540000000000001,1.383,0.282,0.039,0.13699999999999998,5.603
68,Kosovo,0.80148,0.63132,0.81198,0.24749,0.04741,0.2831,5.589
381,Belarus,1.15655755996704,0.6377142667770389,1.4449452161788898,0.295400261878967,0.156313821673393,0.15513750910759,5.5689997673034695
539,Libya,0.985,0.5529999999999999,1.35,0.496,0.14800000000000002,0.116,5.566
225,Latvia,1.21788,0.63952,0.95025,0.27996,0.0889,0.17445,5.56
852,Tajikistan,0.474874616,0.680594802,1.218377709,0.521141171,0.221779913,0.182417125,5.555699825
69,Turkmenistan,0.95847,0.53886,1.22668,0.4761,0.30844,0.16979,5.547999999999999
853,Montenegro,1.010150075,0.839028895,1.265657902,0.303223848,0.098435111,0.14901033,5.54610014
854,Russia,1.126999617,0.68044591,1.378644109,0.399499595,0.045699362,0.099041916,5.546000004
226,Cyprus,1.31857,0.8488,0.70697,0.29507,0.052279999999999986,0.27906,5.546
855,Kyrgyzstan,0.513180971,0.680645883,1.341036677,0.614617765,0.030466691,0.30137074,5.541500092000001
856,Belarus,1.018854499,0.75258857,1.38713932,0.29075586800000003,0.193607435,0.08993306,5.539899826
227,Paraguay,0.8937299999999999,0.58295,1.11111,0.46235,0.07396,0.25296,5.5379999999999985
857,North Cyprus,1.21279943,1.026124597,1.183089137,0.477885723,0.199802905,0.199160054,5.53550005
696,Moldova,0.685,0.7390000000000001,1.328,0.245,0.0,0.181,5.529
228,Romania,1.1697,0.67602,0.7280300000000001,0.36712,0.006790000000000001,0.12889,5.528
382,Libya,1.10180306434631,0.520169019699097,1.35756433010101,0.465733230113983,0.0926102101802826,0.15207366645336198,5.525000095367429
697,Libya,1.044,0.6729999999999999,1.3030000000000002,0.416,0.152,0.133,5.525
540,Philippines,0.775,0.513,1.3119999999999998,0.643,0.105,0.12,5.524
698,Montenegro,1.051,0.871,1.361,0.197,0.08,0.142,5.523
229,Estonia,1.27964,0.68098,1.0516299999999998,0.41511,0.18519,0.08423,5.517
858,Greece,1.128070116,0.979431748,1.168973565,0.173516348,0.048844352,0.0,5.514999866
859,Hong Kong S.A.R. of China,1.3767460580000002,1.136630654,1.243584275,0.459356517,0.332485437,0.288280904,5.510399818
230,Jamaica,0.89333,0.5946899999999999,0.96372,0.43597,0.04294,0.22245,5.51
860,Croatia,1.109024286,0.900575578,1.311264873,0.3814568820000001,0.012325006,0.113998979,5.504700184
541,Honduras,0.62,0.622,1.205,0.459,0.07400000000000001,0.197,5.504
383,Turkey,1.1982743740081798,0.6376056075096129,1.33775317668915,0.300740599632263,0.0996715798974037,0.0466930419206619,5.5
384,Paraguay,0.932537317276001,0.579250693321228,1.50728487968445,0.473507791757584,0.091065913438797,0.224150657653809,5.493000030517581
861,Libya,1.021913767,0.615626633,1.196283698,0.451354057,0.17225807899999998,0.14275769900000002,5.488800049
231,Croatia,1.18649,0.70524,0.6080899999999999,0.23907,0.04002,0.18434,5.488
543,Turkey,1.148,0.6859999999999999,1.38,0.324,0.109,0.106,5.483
542,Belarus,1.039,0.7,1.4980000000000002,0.307,0.154,0.101,5.483
70,Mauritius,1.00761,0.7095,0.98521,0.56066,0.07521,0.37744,5.477
71,Hong Kong,1.38604,1.01328,1.05818,0.59608,0.37124,0.39478,5.474
385,"Hong Kong S.A.R., China",1.55167484283447,0.943062424659729,1.26279091835022,0.490968644618988,0.293933749198914,0.374465793371201,5.47200012207031
544,Pakistan,0.652,0.424,0.81,0.334,0.113,0.21600000000000005,5.472
699,Tajikistan,0.493,0.718,1.098,0.389,0.14400000000000002,0.23,5.4670000000000005
232,Hong Kong,1.5107,0.95277,0.87021,0.48079,0.31647,0.40097,5.457999999999998
862,Mongolia,0.904872775,0.6157881620000001,1.4589306119999998,0.355703115,0.046533126,0.26388573600000004,5.456200123
233,Somalia,0.0,0.11465999999999997,0.33613000000000004,0.5677800000000001,0.3118,0.27225,5.44
700,Croatia,1.155,0.914,1.266,0.29600000000000004,0.022,0.119,5.432
545,Hong Kong,1.405,1.03,1.29,0.524,0.29100000000000004,0.246,5.43
701,Hong Kong,1.4380000000000002,1.122,1.277,0.44,0.287,0.258,5.43
386,Philippines,0.85769921541214,0.468009054660797,1.25391757488251,0.585214674472809,0.0993318930268288,0.193513423204422,5.42999982833862
72,Estonia,1.15174,0.77361,1.22791,0.44888,0.15184,0.0868,5.4289999999999985
702,Dominican Republic,1.015,0.779,1.401,0.4970000000000001,0.101,0.113,5.425
546,Portugal,1.188,0.884,1.429,0.562,0.017,0.055,5.41
234,Kosovo,0.90145,0.54,0.66062,0.14396,0.06547,0.27992,5.401
73,Indonesia,0.8282700000000001,0.63793,1.0870799999999998,0.46611,0.0,0.51535,5.399
547,Serbia,0.975,0.685,1.369,0.28800000000000003,0.043,0.134,5.398
387,Serbia,1.06931757926941,0.65078467130661,1.2581897974014298,0.20871552824974104,0.0409037806093693,0.22012588381767295,5.39499998092651
235,Turkey,1.1649200000000002,0.64718,0.8771700000000001,0.23889,0.12348,0.04707,5.3889999999999985
703,Bosnia and Herzegovina,0.945,0.845,1.212,0.212,0.006,0.263,5.386
863,Malaysia,1.168421626,0.7885118720000001,1.17400229,0.596941531,0.062163133,0.274886161,5.384300232
704,Turkey,1.183,0.8079999999999999,1.36,0.195,0.106,0.083,5.372999999999998
74,Vietnam,0.63216,0.7467600000000001,0.91226,0.59444,0.10441,0.1686,5.36
548,Greece,1.154,0.879,1.202,0.131,0.044,0.0,5.358
549,Lebanon,0.965,0.785,1.179,0.503,0.136,0.214,5.358
864,Vietnam,0.718092382,0.819133997,1.253074765,0.650835574,0.089848459,0.136488721,5.353499889
550,Montenegro,1.017,0.7290000000000001,1.279,0.259,0.081,0.111,5.347
705,Malaysia,1.221,0.828,1.171,0.508,0.024,0.26,5.339
388,Jordan,0.9910123944282528,0.6045900583267211,1.23908889293671,0.418421149253845,0.11980327218771003,0.17217046022415194,5.33599996566772
75,Turkey,1.06098,0.73172,0.94632,0.22815,0.15746,0.12253,5.332000000000002
389,Hungary,1.2860119342803995,0.6877634525299069,1.34313309192657,0.17586351931095098,0.0366369374096394,0.0784016624093056,5.32399988174438
706,Belarus,1.067,0.789,1.465,0.235,0.142,0.094,5.323
551,Croatia,1.115,0.737,1.161,0.38,0.039,0.12,5.3210000000000015
236,Indonesia,0.95104,0.49374,0.87625,0.39237,0.00322,0.56521,5.314
390,Jamaica,0.925579309463501,0.6410223841667181,1.3682180643081698,0.474307239055634,0.0552677810192108,0.23381833732128104,5.31099987030029
237,Jordan,0.99673,0.60712,0.86216,0.36023,0.13297,0.14262,5.303
552,Dominican Republic,0.982,0.614,1.4409999999999998,0.578,0.106,0.12,5.3020000000000005
553,Algeria,0.979,0.687,1.154,0.077,0.135,0.055,5.295
391,Croatia,1.22255623340607,0.701288521289825,0.96798300743103,0.255772292613983,0.0431031100451946,0.248002976179123,5.2930002212524405
238,Azerbaijan,1.12373,0.54504,0.76042,0.35327,0.17914000000000002,0.0564,5.291
707,Greece,1.181,0.999,1.156,0.067,0.034,0.0,5.287000000000001
76,Kyrgyzstan,0.47428,0.65088,1.15115,0.43477,0.04232,0.3003,5.2860000000000005
865,Indonesia,0.891720712,0.610437036,1.154800892,0.568161428,0.038278613,0.542646527,5.285600185
708,Mongolia,0.948,0.667,1.531,0.317,0.038,0.235,5.285
239,Philippines,0.81217,0.4703600000000001,0.87877,0.5485399999999999,0.11757,0.21674,5.279
392,Kosovo,0.951484382152557,0.541452050209045,1.13785350322723,0.260287940502167,0.0574716180562973,0.319931447505951,5.27899980545044
709,North Macedonia,0.983,0.838,1.294,0.345,0.034,0.185,5.274
393,China,1.08116579055786,0.741415500640869,1.16083741188049,0.472787708044052,0.0227942746132612,0.0288068410009146,5.2729997634887695
394,Pakistan,0.7268835306167599,0.402047783136368,0.6726906895637509,0.23521526157856,0.124348066747189,0.3154460191726681,5.26900005340576
77,Nigeria,0.65435,0.16007000000000002,0.90432,0.34334000000000003,0.0403,0.27233,5.268
710,Nigeria,0.696,0.245,1.111,0.426,0.041,0.215,5.265
395,Indonesia,0.995538592338562,0.4923457205295561,1.27444469928741,0.443323463201523,0.0153171354904771,0.611704587936401,5.26200008392334
711,Kyrgyzstan,0.551,0.723,1.4380000000000002,0.508,0.023,0.3,5.261
554,Morocco,0.779,0.669,0.797,0.46,0.07400000000000001,0.026,5.254
78,Bhutan,0.77042,0.57407,1.10395,0.5320600000000001,0.15445,0.47998,5.252999999999999
396,Venezuela,1.12843120098114,0.617144227027893,1.43133759498596,0.15399712324142498,0.0644911229610443,0.0650196298956871,5.25
712,Turkmenistan,1.052,0.657,1.538,0.394,0.028,0.244,5.247000000000001
555,China,0.989,0.799,1.142,0.597,0.103,0.029,5.246
240,China,1.0278,0.73561,0.79381,0.44012,0.02745,0.04959,5.245
397,Montenegro,1.12112903594971,0.6674646735191351,1.23837649822235,0.194989055395126,0.0881741940975189,0.197911024093628,5.23699998855591
398,Morocco,0.8781145811080929,0.59771066904068,0.774864435195923,0.408158332109451,0.0877631828188896,0.0322099551558495,5.2350001335144
399,Azerbaijan,1.1536017656326298,0.5407757759094239,1.15240025520325,0.3981558382511141,0.180987507104874,0.0452693402767181,5.2340002059936515
866,Ivory Coast,0.537094414,0.154942513,0.7997272609999999,0.397122532,0.093495794,0.16991558699999998,5.233300208999999
400,Dominican Republic,1.07937383651733,0.574873745441437,1.4024167060852095,0.55258983373642,0.113945253193378,0.186967849731445,5.230000019073491
401,Greece,1.28948748111725,0.8101989030838009,1.23941457271576,0.0957312509417534,0.04328977689147,0.0,5.227000236511231
402,Lebanon,1.07498753070831,0.7350810766220089,1.12962424755096,0.28851598501205394,0.037513829767704,0.26445075869560203,5.22499990463257
867,Benin,0.366244704,0.328062952,0.352428436,0.40583989,0.125931874,0.196670428,5.21600008
79,Azerbaijan,1.02389,0.64045,0.93793,0.3703,0.16065,0.07799,5.2120000000000015
713,Algeria,1.002,0.785,1.16,0.086,0.114,0.073,5.211
715,Azerbaijan,1.043,0.769,1.147,0.35100000000000003,0.182,0.035,5.207999999999998
714,Morocco,0.8009999999999999,0.782,0.782,0.418,0.076,0.036000000000000004,5.207999999999998
556,Azerbaijan,1.024,0.603,1.161,0.43,0.17600000000000002,0.031,5.2010000000000005
557,Tajikistan,0.474,0.598,1.166,0.292,0.034,0.187,5.199
868,Maldives,0.937864304,0.914439559,1.402287602,0.548203647,0.071906492,0.224198252,5.197599888
716,Lebanon,0.987,0.815,1.224,0.21600000000000005,0.027000000000000003,0.166,5.197
241,Bhutan,0.8527,0.49759,0.90836,0.46074,0.1616,0.4854600000000001,5.1960000000000015
403,Portugal,1.3151752948761002,0.795843541622162,1.36704301834106,0.498465299606323,0.0158694516867399,0.0951027125120163,5.19500017166138
869,Congo (Brazzaville),0.633616745,0.458101124,0.7576360109999999,0.386514395,0.118670784,0.117216013,5.194399834
80,Pakistan,0.59543,0.51466,0.41411,0.12102,0.10464,0.33671,5.194
81,Jordan,0.90198,0.69639,1.05392,0.40661,0.14293,0.11053,5.192
82,Montenegro,0.97438,0.72521,0.90557,0.1826,0.14296,0.1614,5.192
717,Indonesia,0.931,0.66,1.203,0.491,0.028,0.498,5.192
718,China,1.029,0.893,1.125,0.521,0.1,0.058,5.191
242,Kyrgyzstan,0.5604399999999999,0.5544899999999999,0.95434,0.40212,0.04762,0.38432,5.185
558,Macedonia,0.959,0.691,1.239,0.394,0.052000000000000005,0.173,5.185
404,Bosnia and Herzegovina,0.982409417629242,0.705186307430267,1.0693359375,0.204403176903725,0.0,0.328867495059967,5.18200016021729
405,Honduras,0.730573117733002,0.582569479942322,1.14394497871399,0.348079860210419,0.0733454525470734,0.23618887364864305,5.1810002326965305
243,Serbia,1.03437,0.6458,0.81329,0.15718,0.04339,0.20737,5.1770000000000005
406,Macedonia,1.06457793712616,0.644948184490204,1.20789301395416,0.325905978679657,0.0602777935564518,0.25376096367836,5.1750001907348615
719,Vietnam,0.741,0.851,1.346,0.5429999999999999,0.073,0.147,5.175
870,Azerbaijan,0.990272701,0.731134057,1.180613041,0.467734724,0.247307181,0.040113214,5.164800167
244,Bosnia and Herzegovina,0.93383,0.7076600000000001,0.64367,0.09511,0.0,0.29889,5.1629999999999985
245,Montenegro,1.07838,0.6353300000000001,0.74173,0.15111,0.12721,0.17190999999999998,5.1610000000000005
559,Jordan,0.8220000000000001,0.645,1.265,0.468,0.134,0.13,5.1610000000000005
871,Macedonia,0.935371995,0.802994132,1.183173537,0.410224587,0.024595059,0.18586354,5.1598000530000006
246,Dominican Republic,1.02787,0.5766899999999999,0.99496,0.52259,0.12372,0.21286,5.155
560,Nigeria,0.6890000000000001,0.048,1.172,0.462,0.032,0.201,5.155
407,Somalia,0.0226431842893362,0.113989137113094,0.7211513519287109,0.602126955986023,0.28241032361984303,0.291631311178207,5.151000022888179
247,Morocco,0.8405799999999999,0.5947100000000001,0.38595,0.25646,0.08404,0.04053,5.151
872,Ghana,0.575862467,0.432162255,0.96636796,0.477290064,0.056570381,0.261291206,5.1479997630000005
248,Hungary,1.24142,0.67608,0.93164,0.1977,0.04472,0.099,5.145
83,China,0.89012,0.81658,0.94675,0.5169699999999999,0.02781,0.08185,5.14
873,Nepal,0.444050372,0.66887939,1.100789309,0.480608255,0.127502963,0.300971806,5.137199879
249,Pakistan,0.68816,0.40306,0.26135,0.14622000000000002,0.1388,0.31185,5.1320000000000014
874,Turkey,1.127169251,0.781335294,1.197159171,0.25440076,0.120983243,0.08588556900000001,5.131800175
561,Kyrgyzstan,0.53,0.594,1.416,0.54,0.035,0.281,5.131
250,Lebanon,1.12268,0.76171,0.64184,0.26228,0.03061,0.23693000000000006,5.129
84,Zambia,0.47038,0.29924,0.91612,0.48827,0.12468,0.19591,5.129
562,Bosnia and Herzegovina,0.915,0.758,1.078,0.28,0.0,0.21600000000000005,5.129
563,Mongolia,0.914,0.575,1.517,0.395,0.032,0.253,5.125
85,Romania,1.04345,0.7689,0.8858799999999999,0.35068,0.006490000000000001,0.13748,5.124
875,China,0.990533412,0.867248535,1.132080674,0.6016051170000001,0.117255554,0.079021044,5.123899937
251,Portugal,1.27607,0.7936300000000001,0.94367,0.44727,0.01521,0.11691,5.122999999999998
86,Serbia,0.92053,0.74836,1.00964,0.20107,0.02617,0.19231,5.122999999999998
252,Macedonia,1.0193,0.6473800000000001,0.78236,0.27668000000000004,0.07047,0.23507,5.121
876,Turkmenistan,1.008963585,0.6124480370000001,1.510476947,0.515236676,0.03350389,0.323129326,5.119100093999999
564,Vietnam,0.715,0.7020000000000001,1.365,0.618,0.079,0.177,5.103
87,Portugal,1.15991,0.8751899999999999,1.13935,0.51469,0.01078,0.13719,5.102
877,Bulgaria,1.046554685,0.7777768970000001,1.4605789180000002,0.417820066,0.0,0.103833713,5.101500034
88,Latvia,1.11312,0.72437,1.09562,0.29671,0.06332,0.18226,5.098
878,Morocco,0.75862211,0.745096922,0.6452084779999999,0.450054139,0.07738560400000001,0.040032551,5.094799995
565,Indonesia,0.899,0.522,1.215,0.5379999999999999,0.018000000000000002,0.484,5.093
879,Cameroon,0.503958046,0.270189553,0.89972645,0.4392424820000001,0.054393422,0.198020101,5.084899902
566,Bhutan,0.7959999999999999,0.527,1.335,0.541,0.171,0.364,5.082
720,Bhutan,0.813,0.604,1.321,0.457,0.16699999999999998,0.37,5.082
408,Vietnam,0.7885475754737851,0.6521689891815191,1.27749133110046,0.571055591106415,0.0876332372426987,0.234968051314354,5.07399988174438
409,Nigeria,0.783756256103516,0.0569157302379608,1.21577048301697,0.394952565431595,0.0261215660721064,0.230947196483612,5.07399988174438
89,Philippines,0.70532,0.58114,1.03516,0.62545,0.12279,0.24991,5.073
253,Vietnam,0.74037,0.66157,0.7911699999999999,0.5595399999999999,0.11556,0.25075,5.061
254,Somaliland Region,0.25558000000000003,0.33108000000000004,0.75862,0.3913,0.36794,0.51479,5.057
90,Somaliland region,0.18847,0.43873,0.95152,0.46582,0.39928,0.5031800000000001,5.057
880,Venezuela,0.7702386379999999,0.76702553,1.3485468630000002,0.271717221,0.06362477700000001,0.08717915400000001,5.053199768
255,Tunisia,0.97724,0.59577,0.43165,0.23553,0.0817,0.03936,5.045
721,Cameroon,0.5489999999999999,0.331,0.91,0.381,0.037000000000000005,0.187,5.044
410,Tajikistan,0.524713635444641,0.5292351245880129,1.27146327495575,0.471566706895828,0.14637714624404902,0.24899764358997306,5.04099988937378
256,Greece,1.24886,0.80029,0.75473,0.058220000000000015,0.04127,0.0,5.033
91,Morocco,0.7347899999999999,0.60954,0.64095,0.4169100000000001,0.08546000000000001,0.07172,5.013
411,Bhutan,0.885416388511658,0.495879292488098,1.3401265144348102,0.5015376806259161,0.17338038980960802,0.474054545164108,5.01100015640259
722,Bulgaria,1.092,0.815,1.513,0.311,0.004,0.081,5.011
92,Macedonia,0.91851,0.73545,1.00232,0.33457,0.053270000000000005,0.22359,5.007
881,Algeria,0.943856001,0.745418549,1.143003583,0.083943799,0.12919065400000002,0.118915014,5.005099773
412,Kyrgyzstan,0.5962200760841371,0.553457796573639,1.39423859119415,0.454943388700485,0.0394391790032387,0.42858037352562,5.0040001869201705
723,Ghana,0.611,0.486,0.868,0.381,0.04,0.245,4.996
257,Tajikistan,0.48835,0.5311899999999999,0.75602,0.43408,0.13509000000000002,0.25998000000000004,4.996
567,Somalia,0.0,0.115,0.7120000000000001,0.674,0.282,0.238,4.982
882,Senegal,0.5040618179999999,0.518391907,0.95459342,0.352400899,0.081865937,0.164397135,4.980800152
568,Cameroon,0.535,0.182,0.8909999999999999,0.454,0.043,0.183,4.975
93,Mozambique,0.08308,0.09131,1.02626,0.34037,0.15603,0.22269,4.971
413,Nepal,0.479820191860199,0.504130780696869,1.17928326129913,0.4403059482574461,0.0729755461215973,0.3940961658954621,4.961999893188481
94,Albania,0.8786700000000001,0.81325,0.8043399999999999,0.35733000000000004,0.06412999999999999,0.14272,4.959
414,Mongolia,1.02723586559296,0.557783484458923,1.4930112361908,0.3941439688205721,0.0329022891819477,0.338464230298996,4.95499992370605
883,Guinea,0.390007734,0.333655238,0.75136596,0.371878058,0.112204559,0.249490842,4.949299812
95,Bosnia and Herzegovina,0.8322299999999999,0.79081,0.91916,0.09245,0.00227,0.24808,4.949
724,Ivory Coast,0.569,0.232,0.8079999999999999,0.35200000000000004,0.09,0.154,4.944
569,Bulgaria,1.054,0.7120000000000001,1.515,0.359,0.009000000000000001,0.064,4.933
725,Nepal,0.446,0.677,1.226,0.439,0.08900000000000001,0.285,4.913
884,Niger,0.108330332,0.29881635300000003,0.7038001420000001,0.435311615,0.137554765,0.20817689600000006,4.909599781
258,Mongolia,0.98853,0.55469,1.08983,0.35972,0.03285,0.34539000000000003,4.907
726,Jordan,0.8370000000000001,0.815,1.225,0.383,0.13,0.11,4.9060000000000015
96,Lesotho,0.37545,0.07612000000000001,1.04103,0.31767,0.12504,0.16388,4.898
885,Laos,0.714693844,0.4863782820000001,0.987391889,0.612027287,0.194273964,0.27266711,4.888599873
97,Dominican Republic,0.8953700000000001,0.66825,1.17202,0.57672,0.14234000000000002,0.21684,4.885
727,Benin,0.393,0.397,0.4370000000000001,0.349,0.08199999999999999,0.175,4.883
886,Albania,0.906653047,0.8463296290000001,0.830483913,0.461945891,0.025361285,0.171027765,4.882699966000001
570,Nepal,0.425,0.539,1.228,0.526,0.078,0.302,4.88
98,Laos,0.5906600000000001,0.54909,0.73803,0.59591,0.24249,0.42192,4.876
259,Laos,0.68042,0.38291,0.5497,0.52168,0.22423,0.43079,4.876
260,Nigeria,0.75216,0.05108,0.64498,0.27854,0.0305,0.23219,4.875
99,Mongolia,0.82819,0.60268,1.3006,0.43626,0.026660000000000003,0.3323,4.874
261,Honduras,0.69429,0.5838300000000001,0.7559600000000001,0.26755,0.06906,0.2044,4.871
100,Swaziland,0.71206,0.07566,1.07284,0.30658,0.0306,0.18259,4.867
101,Greece,1.15406,0.88213,0.92933,0.07699,0.013969999999999998,0.0,4.857
887,Cambodia,0.544634938,0.587904334,1.071426034,0.674940348,0.072837502,0.233342081,4.8484001160000005
102,Lebanon,1.02564,0.83947,0.80001,0.33916,0.04582,0.21854,4.839
888,Bangladesh,0.556156278,0.694940507,0.8688005809999999,0.604130566,0.176735908,0.17674511699999998,4.832799911
889,Gabon,0.988044381,0.522574842,1.10639751,0.369459897,0.055804539000000014,0.052013602,4.829299927
415,South Africa,1.05469870567322,0.18708007037639604,1.38478863239288,0.479246735572815,0.0725094974040985,0.13936237990856198,4.8289999961853
890,South Africa,0.902140439,0.407034069,1.259086251,0.43478182,0.05950214,0.12640684800000002,4.814099789
262,Iran,1.11758,0.64232,0.38857,0.22544,0.0557,0.38538,4.813
728,Congo (Brazzaville),0.6729999999999999,0.508,0.799,0.3720000000000001,0.093,0.105,4.812
571,Venezuela,0.996,0.657,1.469,0.133,0.052000000000000005,0.056,4.806
416,Tunisia,1.00726580619812,0.613212049007416,0.8683514595031742,0.289680689573288,0.0867231488227844,0.0496933571994305,4.80499982833862
103,Hungary,1.12094,0.75905,1.20215,0.32112,0.02758,0.128,4.8
729,Gabon,1.057,0.5710000000000001,1.183,0.295,0.055,0.043,4.799
730,Laos,0.764,0.551,1.03,0.547,0.16399999999999998,0.266,4.796
263,Zambia,0.61202,0.23573,0.6376,0.42662,0.11479,0.17866,4.795
264,Nepal,0.4462600000000001,0.50073,0.69699,0.37012,0.07007999999999999,0.3816,4.793
104,Honduras,0.59532,0.6951,0.95348,0.40148,0.06825,0.23027,4.788
105,Tajikistan,0.39047,0.5737899999999999,0.8556299999999999,0.47216,0.15072,0.22974,4.7860000000000005
891,Iraq,0.982018709,0.529350698,1.011466622,0.283588052,0.073164992,0.15300206800000002,4.7848000530000006
417,Palestinian Territories,0.716249227523804,0.565666973590851,1.15564715862274,0.25471106171608,0.0892826020717621,0.114173173904419,4.77500009536743
892,Lebanon,0.889232516,0.7886711359999999,1.19249332,0.18551667,0.021518147,0.158524141,4.771500111
893,Burkina Faso,0.302467644,0.312833875,0.9293859,0.322398156,0.126408055,0.186390609,4.768700123
572,Gabon,1.036,0.404,1.164,0.35600000000000004,0.052000000000000005,0.032,4.758
265,Palestinian Territories,0.67024,0.56844,0.71629,0.17744,0.10613,0.11154,4.754
894,Gambia,0.256990552,0.35324788100000004,0.8826786879999999,0.403419524,0.158093795,0.425989687,4.750599861
573,Palestinian Territories,0.642,0.602,1.217,0.266,0.076,0.086,4.743
106,Tunisia,0.88113,0.73793,0.60429,0.26268,0.06358,0.06431,4.739
418,Egypt,0.989701807498932,0.520187258720398,0.997471392154694,0.28211015462875394,0.114381365478039,0.128631442785263,4.7350001335144
895,Mali,0.352462649,0.234981522,0.97314173,0.377534449,0.062146275999999986,0.16966705,4.729300021999999
896,Nigeria,0.645901859,0.16783593600000002,0.986717939,0.435079455,0.047589935,0.221328124,4.724100113
574,South Africa,0.94,0.33,1.41,0.516,0.056,0.103,4.724
731,South Africa,0.96,0.469,1.351,0.389,0.055,0.13,4.722
732,Albania,0.947,0.8740000000000001,0.848,0.383,0.027000000000000003,0.17800000000000002,4.7189999999999985
107,Palestinian Territories,0.59867,0.66015,0.92558,0.24499,0.12905,0.11251,4.715
419,Bulgaria,1.1614590883255,0.708217680454254,1.43437945842743,0.2892317175865169,0.0110515309497714,0.113177694380283,4.71400022506714
420,Sierra Leone,0.36842092871666,0.005564753897488121,0.984136044979095,0.318697690963745,0.0710951760411263,0.293040901422501,4.70900011062622
733,Venezuela,0.96,0.805,1.4269999999999998,0.154,0.047,0.064,4.707
575,Iran,1.0590000000000002,0.691,0.7709999999999999,0.459,0.129,0.282,4.707
734,Cambodia,0.574,0.637,1.122,0.609,0.062,0.232,4.7
735,Palestinian Territories,0.657,0.672,1.247,0.225,0.066,0.103,4.6960000000000015
421,Cameroon,0.564305365085602,0.132892116904259,0.946018218994141,0.430388748645782,0.0513066314160824,0.23629845678806305,4.69500017166138
108,Bangladesh,0.39753,0.60164,0.4310600000000001,0.4082,0.12569,0.21222,4.694
422,Iran,1.15687310695648,0.639333188533783,0.7115512490272521,0.24932260811328896,0.048761073499918005,0.387242913246155,4.69199991226196
109,Iran,1.0088,0.69805,0.54447,0.30033000000000004,0.05863,0.38086,4.686
110,Ukraine,0.79907,0.6739,1.20278,0.25123,0.02961,0.15275,4.681
736,Senegal,0.45,0.5710000000000001,1.134,0.292,0.07200000000000001,0.153,4.681
111,Iraq,0.98549,0.60237,0.81889,0.0,0.13788,0.17922000000000002,4.677
897,Armenia,0.8082624079999999,0.77585727,1.034576893,0.378075808,0.104618184,0.107225738,4.676799774
898,Georgia,0.847198069,0.6946576240000001,0.7311939000000001,0.485494107,0.174088076,0.047609735,4.672599792
899,Iran,1.029322505,0.749053836,0.8862711790000001,0.301195472,0.142651513,0.27697894,4.672399998
576,Ivory Coast,0.541,0.08,0.872,0.467,0.103,0.146,4.671
737,Somalia,0.0,0.268,0.698,0.5589999999999999,0.27,0.243,4.668
577,Ghana,0.5920000000000001,0.337,0.8959999999999999,0.499,0.029,0.212,4.657
266,Albania,0.9553,0.73007,0.50163,0.31866,0.05301,0.1684,4.655
423,Albania,0.996192753314972,0.731159746646881,0.8036852478981021,0.381498634815216,0.0398642159998417,0.201312944293022,4.64400005340576
267,Bangladesh,0.54177,0.52989,0.24749,0.39778,0.12583,0.19132,4.643
112,South Africa,0.92049,0.27688,1.18468,0.33207,0.08884,0.11973,4.642
738,Namibia,0.879,0.477,1.3130000000000002,0.401,0.056,0.07,4.6389999999999985
268,Sierra Leone,0.36485,0.0,0.628,0.30685,0.08196,0.23897,4.635
900,Jordan,0.785179198,0.777624726,1.140118599,0.424855083,0.151878625,0.091494769,4.6333999630000005
113,Ghana,0.5455800000000001,0.40132,0.6795399999999999,0.42342,0.04355,0.23087,4.633
578,Senegal,0.429,0.433,1.117,0.406,0.08199999999999999,0.138,4.631
739,Niger,0.138,0.366,0.774,0.318,0.102,0.188,4.628
901,Mozambique,0.178741366,0.324223638,0.955202878,0.56077534,0.163064316,0.220422104,4.623600006
579,Laos,0.72,0.441,1.034,0.626,0.174,0.23,4.623
114,Zimbabwe,0.271,0.33475,1.03276,0.25861,0.08079,0.18987,4.61
424,Bangladesh,0.586682975292206,0.533241033554077,0.735131740570068,0.478356659412384,0.123717859387398,0.17225535213947304,4.60799980163574
580,Tunisia,0.9,0.69,0.906,0.271,0.063,0.04,4.592
740,Burkina Faso,0.331,0.38,1.056,0.255,0.113,0.177,4.587
581,Albania,0.916,0.79,0.8170000000000001,0.419,0.032,0.149,4.586
902,Kenya,0.476413399,0.536312759,0.905077755,0.519180536,0.067201078,0.393902093,4.583000183
269,Iraq,1.07474,0.51076,0.59205,0.24856,0.13635999999999998,0.19589,4.575
270,Namibia,0.93287,0.34745,0.70362,0.48614,0.10398,0.07795,4.574
425,Namibia,0.964434325695038,0.33861181139946,1.0984708070755,0.520303547382355,0.0931469723582268,0.0771337449550629,4.57399988174438
903,Namibia,0.84008199,0.40687117,1.245738149,0.444598973,0.054320343,0.076454483,4.571100235
582,Sierra Leone,0.256,0.0,0.813,0.355,0.053,0.238,4.5710000000000015
115,Liberia,0.0712,0.34201,0.78968,0.28531,0.062320000000000014,0.24362,4.5710000000000015
116,India,0.64499,0.5152899999999999,0.38174,0.39786,0.08492000000000001,0.26475,4.565
904,Ukraine,0.780434608,0.6986743809999999,1.321316481,0.319423705,0.00965116,0.17855131600000002,4.56069994
583,Congo (Brazzaville),0.682,0.343,0.8109999999999999,0.514,0.077,0.091,4.559
741,Armenia,0.85,0.815,1.055,0.28300000000000003,0.064,0.095,4.559
905,Liberia,0.174103007,0.392284274,0.920733929,0.405943096,0.051139876,0.226967871,4.557899952
426,Kenya,0.560479462146759,0.30998834967613204,1.06795072555542,0.452763766050339,0.0646413192152977,0.444860309362411,4.55299997329712
906,Palestinian Territories,0.587819219,0.613826573,1.194755554,0.29870075,0.07191365200000001,0.091816261,4.552800179
427,Mozambique,0.234305649995804,0.106654435396194,0.870701014995575,0.480791091918945,0.17943638563156106,0.322228103876114,4.5500001907348615
117,Sudan,0.52107,0.36878,1.01404,0.10081,0.1466,0.19062,4.55
742,Iran,1.1,0.785,0.8420000000000001,0.305,0.125,0.27,4.548
428,Myanmar,0.36711055040359497,0.397522568702698,1.12323594093323,0.514492034912109,0.188816204667091,0.8380751609802249,4.54500007629395
429,Senegal,0.479309022426605,0.409362852573395,1.17969191074371,0.37792226672172496,0.115460447967052,0.183468893170357,4.53499984741211
743,Guinea,0.38,0.375,0.8290000000000001,0.332,0.086,0.207,4.534
744,Georgia,0.8859999999999999,0.752,0.6659999999999999,0.34600000000000003,0.16399999999999998,0.043,4.519
118,Haiti,0.26673,0.38847,0.74302,0.24425,0.17175,0.46187,4.518
119,Congo (Kinshasa),0.0,0.09806,1.0012,0.22605,0.07625,0.24834,4.517
745,Gambia,0.308,0.428,0.939,0.382,0.16699999999999998,0.269,4.516
120,Nepal,0.35997,0.5687399999999999,0.86449,0.38282,0.05907,0.32296,4.5139999999999985
430,Zambia,0.6364067792892459,0.25783589482307395,1.00318729877472,0.461603492498398,0.0782135501503944,0.249580144882202,4.513999938964839
271,Cameroon,0.5249699999999999,0.12697999999999998,0.62542,0.42736,0.06126,0.2268,4.513
121,Ethiopia,0.19073,0.44055,0.60406,0.4345,0.15048,0.24325,4.512
746,Kenya,0.512,0.581,0.983,0.431,0.053,0.3720000000000001,4.509
272,Ethiopia,0.29283000000000003,0.34578000000000003,0.37932,0.36703,0.1717,0.29522,4.508
122,Sierra Leone,0.33024000000000003,0.0,0.95571,0.4084,0.08786000000000001,0.21488,4.507
584,Bangladesh,0.532,0.579,0.85,0.58,0.14400000000000002,0.153,4.5
431,Iraq,1.1027104854583702,0.501180469989777,0.978613197803497,0.288555532693863,0.107215754687786,0.19963726401329,4.49700021743774
747,Mauritania,0.57,0.489,1.167,0.066,0.08800000000000001,0.106,4.49
585,Sri Lanka,0.918,0.672,1.314,0.585,0.05,0.307,4.471
748,Mozambique,0.204,0.39,0.986,0.494,0.138,0.197,4.466
432,Gabon,1.1982102394104,0.35657858848571794,1.1556202173233,0.31232857704162603,0.0760467872023582,0.0437853783369064,4.46500015258789
749,Tunisia,0.921,0.815,1.0,0.16699999999999998,0.055,0.059,4.461
433,Ethiopia,0.339233845472336,0.353409707546234,0.8646692037582401,0.408842742443085,0.16545571386814098,0.31265074014663696,4.46000003814697
273,South Africa,1.02416,0.18611,0.96053,0.42483,0.08415,0.13656,4.459
750,Bangladesh,0.562,0.723,0.928,0.527,0.14300000000000002,0.166,4.456
586,Iraq,1.01,0.536,0.971,0.304,0.095,0.14800000000000002,4.456
587,Mali,0.37,0.152,1.233,0.3670000000000001,0.056,0.139,4.447
588,Namibia,0.8740000000000001,0.365,1.281,0.519,0.064,0.051,4.441
434,Sri Lanka,1.00985014438629,0.625130832195282,1.25997638702393,0.561213254928589,0.0736539661884308,0.490863561630249,4.44000005722046
751,Iraq,1.043,0.574,0.98,0.241,0.08900000000000001,0.14800000000000002,4.437
123,Mauritania,0.45407,0.35874,0.86908,0.24232,0.17461,0.219,4.436
589,Cambodia,0.5489999999999999,0.457,1.088,0.696,0.065,0.256,4.433
907,Uganda,0.31233742800000003,0.378311664,1.052327394,0.401682556,0.063818842,0.264807373,4.43200016
590,Burkina Faso,0.314,0.254,1.097,0.312,0.128,0.175,4.424
908,Chad,0.302287489,0.1087441,0.739118278,0.228601769,0.085755408,0.210805088,4.422699928
124,Kenya,0.36471,0.41435,0.99876,0.42215,0.05839,0.37542,4.419
591,Egypt,0.885,0.5529999999999999,1.025,0.312,0.107,0.092,4.419
752,Congo (Kinshasa),0.094,0.35700000000000004,1.125,0.269,0.053,0.212,4.418
592,Mozambique,0.198,0.173,0.902,0.531,0.158,0.206,4.417
274,Sri Lanka,0.97318,0.62007,0.84783,0.50817,0.07964,0.46978,4.415
593,Kenya,0.493,0.454,1.048,0.504,0.055,0.35200000000000004,4.41
275,India,0.74036,0.45091,0.29247,0.40285,0.08722,0.25028,4.404
276,Myanmar,0.34112,0.3988,0.69981,0.42692,0.20243,0.81971,4.395
909,Tunisia,0.874742687,0.781156719,0.8721677059999999,0.23586055600000005,0.043899573,0.055881143,4.392199993
753,Mali,0.385,0.308,1.105,0.327,0.052000000000000005,0.153,4.39
594,Zambia,0.562,0.295,1.047,0.503,0.08199999999999999,0.221,4.377
435,Armenia,0.900596737861633,0.637524425983429,1.00748372077942,0.198303267359734,0.0266744215041399,0.0834880918264389,4.37599992752075
910,Mauritania,0.539684892,0.425184816,1.113323569,0.185714483,0.122257635,0.128899664,4.374599934
754,Sierra Leone,0.268,0.242,0.841,0.309,0.045,0.252,4.374
125,Djibouti,0.44025,0.36291,0.59207,0.46074,0.28105,0.18093,4.369
755,Sri Lanka,0.949,0.831,1.265,0.47,0.047,0.244,4.3660000000000005
277,Egypt,0.95395,0.5211600000000001,0.49813,0.18847,0.10393,0.12705999999999998,4.362
278,Armenia,0.8608600000000001,0.64083,0.6247699999999999,0.14037,0.036160000000000005,0.07793,4.36
756,Myanmar,0.71,0.555,1.181,0.525,0.172,0.5660000000000001,4.36
595,Mauritania,0.557,0.292,1.245,0.129,0.093,0.134,4.356
279,Kenya,0.52267,0.30147,0.7624,0.40576,0.06686,0.41328,4.356
596,Ethiopia,0.308,0.391,0.95,0.452,0.146,0.22,4.35
126,Armenia,0.7682100000000001,0.7299,0.7771100000000001,0.19847,0.039,0.07855,4.35
757,Chad,0.35,0.192,0.7659999999999999,0.174,0.078,0.198,4.35
597,Georgia,0.853,0.643,0.5920000000000001,0.375,0.215,0.038,4.34
758,Ukraine,0.82,0.7390000000000001,1.39,0.17800000000000002,0.01,0.187,4.332
127,Botswana,0.99355,0.04776,1.10464,0.49495,0.12474,0.10461,4.332
911,Sri Lanka,0.897986948,0.792036712,1.19494009,0.528632462,0.049444564,0.25266614600000004,4.327000141
280,Ukraine,0.87287,0.58628,1.01413,0.12859,0.01829,0.20363,4.324
598,Armenia,0.816,0.6659999999999999,0.99,0.26,0.028,0.077,4.3210000000000015
436,India,0.7922212481498722,0.455427616834641,0.754372596740723,0.469987004995346,0.0922268852591515,0.23153848946094505,4.31500005722046
912,Congo (Kinshasa),0.062487468,0.277212054,0.833055019,0.36462298,0.081466645,0.254324883,4.31099987
913,Swaziland,0.827539742,0.215585828,1.064835191,0.299935788,0.14676587300000002,0.067264833,4.308100224
914,Myanmar,0.67809093,0.495443076,1.098178267,0.5974788670000001,0.187530354,0.569813728,4.308000088
599,Myanmar,0.682,0.429,1.1740000000000002,0.58,0.17800000000000002,0.598,4.308
128,Myanmar,0.27108000000000004,0.4824600000000001,0.70905,0.44017,0.19034,0.79588,4.307
600,Chad,0.358,0.053,0.907,0.189,0.06,0.181,4.301
129,Georgia,0.7419,0.72926,0.38562,0.40577,0.38331,0.055470000000000005,4.297
130,Malawi,0.016040000000000002,0.22562,0.41134,0.43054,0.06977,0.33128,4.292
437,Mauritania,0.6484572887420649,0.285349279642105,1.2720308303833,0.0960980430245399,0.136957004666328,0.201870024204254,4.29199981689453
438,Congo (Brazzaville),0.8089642524719242,0.28995743393898,0.8320443630218509,0.4350258708000179,0.0796181336045265,0.12085212767124197,4.29099988937378
915,Comoros,0.415620774,0.437383324,0.723232806,0.181028232,0.100048535,0.258538276,4.288599968
759,Ethiopia,0.336,0.532,1.033,0.344,0.1,0.209,4.2860000000000005
439,Georgia,0.950612664222717,0.649546980857849,0.57061493396759,0.309410035610199,0.25166663527488703,0.0540088154375553,4.28599977493286
440,Congo (Kinshasa),0.0921023488044739,0.191407024860382,1.22902345657349,0.235961347818375,0.0602413564920425,0.246455833315849,4.280000209808351
281,Ghana,0.63107,0.29681,0.49353,0.40973,0.0326,0.21203,4.276
282,Congo (Kinshasa),0.05661,0.188,0.80676,0.15602,0.06075,0.25458000000000003,4.272
131,Sri Lanka,0.83524,0.70806,1.01905,0.5372600000000001,0.09179,0.40828,4.271
132,Cameroon,0.4225,0.23402,0.8876700000000001,0.49309,0.05786,0.20618000000000006,4.252
283,Georgia,0.8379200000000001,0.64035,0.19249,0.32461,0.3188,0.06786,4.252
601,Congo (Kinshasa),0.069,0.204,1.136,0.312,0.052000000000000005,0.197,4.245
284,Congo (Brazzaville),0.7710899999999999,0.28212,0.47799,0.37938,0.09753,0.12077,4.2360000000000015
285,Senegal,0.44314,0.40457,0.7741600000000001,0.31056,0.11681,0.19103,4.2189999999999985
133,Bulgaria,1.01216,0.76649,1.10614,0.30587,0.00872,0.11921,4.218
286,Bulgaria,1.11306,0.67806,0.92542,0.21219,0.00615,0.12793,4.217
760,Swaziland,0.8109999999999999,0.0,1.149,0.313,0.135,0.07400000000000001,4.212
287,Mauritania,0.6139100000000001,0.28639000000000003,0.8414200000000001,0.1268,0.17955,0.22686,4.2010000000000005
134,Egypt,0.8818,0.61712,0.747,0.17288,0.06324,0.11291,4.194
288,Zimbabwe,0.35041,0.1595,0.71478,0.25429,0.08582000000000001,0.18503,4.1930000000000005
441,Mali,0.476180493831635,0.16936567425727805,1.2814733982086202,0.306613743305206,0.10497024655342098,0.183354198932648,4.19000005722046
602,India,0.721,0.485,0.747,0.539,0.093,0.172,4.19
761,Uganda,0.332,0.443,1.069,0.35600000000000004,0.06,0.252,4.189
916,Togo,0.268116266,0.342731178,0.547622859,0.303539038,0.114826456,0.200774252,4.187200069
917,Ethiopia,0.315125644,0.483846247,1.001103282,0.41256687,0.117437035,0.227698103,4.186200142
442,Ivory Coast,0.6030489206314089,0.0486421696841717,0.904780030250549,0.4477061927318571,0.130061775445938,0.201237469911575,4.17999982833862
443,Cambodia,0.6017650961875921,0.429783403873444,1.00623834133148,0.633375823497772,0.0681059509515762,0.385922968387604,4.1680002212524405
603,Niger,0.131,0.221,0.867,0.39,0.099,0.175,4.166
762,Egypt,0.913,0.644,1.039,0.241,0.067,0.076,4.166
918,Madagascar,0.244553208,0.500617027,0.823694348,0.192967549,0.076248638,0.191190064,4.165599823
604,Uganda,0.322,0.237,1.09,0.45,0.061,0.259,4.1610000000000005
289,Malawi,0.08709,0.29364,0.147,0.4143,0.07564,0.30968,4.1560000000000015
919,Egypt,0.8752289409999999,0.596911311,0.982539535,0.373684734,0.095461793,0.068801254,4.151400089
605,Benin,0.378,0.24,0.3720000000000001,0.44,0.067,0.163,4.141
290,Sudan,0.63069,0.29759,0.8192799999999999,0.0,0.10039,0.18077,4.1389999999999985
606,Sudan,0.605,0.312,1.24,0.016,0.08199999999999999,0.134,4.1389999999999985
444,Sudan,0.6595166921615601,0.290920823812485,1.21400856971741,0.0149958552792668,0.089847519993782,0.182317450642586,4.138999938964839
291,Gabon,1.15851,0.3494,0.72368,0.28098,0.09314,0.06244,4.121
445,Ghana,0.667224824428558,0.29563772678375205,0.873664736747742,0.423026293516159,0.0253363698720932,0.25692394375801103,4.11999988555908
763,Zambia,0.578,0.426,1.058,0.431,0.087,0.247,4.107
607,Ukraine,0.7929999999999999,0.609,1.413,0.163,0.011,0.187,4.103
446,Ukraine,0.89465194940567,0.575903952121735,1.39453756809235,0.122974775731564,0.0230294708162546,0.270061463117599,4.09600019454956
764,Togo,0.275,0.41,0.5720000000000001,0.293,0.085,0.177,4.085
447,Uganda,0.381430715322495,0.21763260662555706,1.12982773780823,0.443185955286026,0.057069718837738,0.32576605677604703,4.08099985122681
135,Yemen,0.5464899999999999,0.40064,0.68093,0.35571,0.07854,0.09131,4.077
292,Mali,0.31292,0.16347,0.8633299999999999,0.27544,0.13647,0.21064,4.073
136,Angola,0.75778,0.16683,0.8604,0.10384000000000003,0.07122,0.12344,4.033
448,Burkina Faso,0.3502277135849001,0.21584425866603896,1.04328000545502,0.32436785101890603,0.12032810598611805,0.250864684581757,4.03200006484985
293,Haiti,0.34097,0.27494,0.29561,0.12072,0.14476,0.47958,4.0280000000000005
449,Niger,0.16192533075809498,0.26850500702858,0.993025004863739,0.36365869641304,0.13857294619083402,0.228673845529556,4.02799987792969
765,India,0.755,0.588,0.765,0.498,0.085,0.2,4.015
608,Togo,0.259,0.253,0.474,0.434,0.101,0.158,3.999
137,Mali,0.26074,0.20583,1.03526,0.38857,0.12352,0.18798,3.995
138,Congo (Brazzaville),0.67866,0.31051,0.6629,0.41466,0.11686,0.12388,3.989
766,Liberia,0.073,0.443,0.922,0.37,0.033,0.233,3.975
294,Botswana,1.09426,0.34752,0.89186,0.44089,0.10769,0.12425,3.974
767,Comoros,0.274,0.505,0.757,0.142,0.078,0.275,3.973
450,Malawi,0.233442038297653,0.315089583396912,0.5125688314437871,0.466914653778076,0.0727116540074348,0.28717046976089505,3.97000002861023
609,Guinea,0.344,0.211,0.792,0.394,0.094,0.185,3.964
139,Comoros,0.23906,0.36315,0.79273,0.22917,0.199,0.17440999999999998,3.956
295,Comoros,0.27509,0.29981,0.60323,0.15412,0.18437,0.1827,3.956
451,Chad,0.43801298737525896,0.0411347150802612,0.953855872154236,0.16234202682972002,0.0535818822681904,0.216113850474358,3.9360001087188703
768,Madagascar,0.274,0.555,0.916,0.14800000000000002,0.041,0.16899999999999998,3.933
140,Uganda,0.21102,0.33861,1.13299,0.45727,0.07267,0.29066,3.931
920,Sierra Leone,0.240560383,0.203953966,0.747984946,0.382027686,0.047940936,0.257647008,3.926399946
296,Ivory Coast,0.55507,0.04476,0.57576,0.40663,0.1553,0.20338,3.916
297,Cambodia,0.55604,0.42494,0.5375,0.5885199999999999,0.08092,0.40339,3.907
141,Senegal,0.36498,0.4354,0.97619,0.36772,0.10713,0.20843000000000006,3.904
142,Gabon,1.06024,0.43372,0.90528,0.31914000000000003,0.11091,0.06822,3.896
452,Zimbabwe,0.3758465349674221,0.19676375389099104,1.08309590816498,0.336384207010269,0.0953753814101219,0.189143493771553,3.875
298,Angola,0.84731,0.04991,0.66366,0.00589,0.08434,0.12070999999999997,3.866
299,Niger,0.1327,0.26162,0.6053,0.38041,0.17176,0.2097,3.856
143,Niger,0.0694,0.29707,0.77265,0.47692,0.15639,0.19387,3.845
300,South Sudan,0.39394,0.15780999999999998,0.18519,0.19662,0.13015,0.25899,3.832
144,Cambodia,0.46038,0.61114,0.62736,0.66246,0.07247,0.40359,3.819
453,Lesotho,0.521021246910095,0.0,1.19009518623352,0.390661299228668,0.119094640016556,0.157497271895409,3.80800008773804
610,Lesotho,0.472,0.079,1.215,0.423,0.112,0.116,3.808
769,Lesotho,0.489,0.168,1.169,0.359,0.093,0.107,3.802
454,Angola,0.8584281802177429,0.0498686656355858,1.10441195964813,0.0,0.0697203353047371,0.09792649000883097,3.79500007629395
611,Angola,0.73,0.269,1.125,0.0,0.061,0.079,3.795
455,Afghanistan,0.401477217674255,0.18074677884578694,0.581543326377869,0.106179520487785,0.0611578300595284,0.311870932579041,3.79399991035461
145,Tanzania,0.2852,0.38215,1.00268,0.32878,0.057470000000000014,0.34377,3.781
921,Burundi,0.0,0.295212835,0.403575271,0.275399059,0.212186828,0.187401786,3.775300026
770,Burundi,0.046,0.38,0.447,0.22,0.18,0.17600000000000002,3.775
612,Madagascar,0.262,0.402,0.908,0.221,0.049,0.155,3.774
456,Botswana,1.12209415435791,0.34175550937652605,1.22155499458313,0.505196332931519,0.0985831990838051,0.0993484482169151,3.7660000324249294
301,Chad,0.42214,0.03824,0.63178,0.12807000000000002,0.04952,0.18667,3.763
922,Zambia,0.536833763,0.36359334,0.8960372809999999,0.49131754,0.086705238,0.250620902,3.759399891
302,Burkina Faso,0.31995,0.21297,0.63054,0.3337,0.12533,0.24353,3.739
303,Uganda,0.34719,0.19625,0.90981,0.43653,0.06442,0.27102,3.739
304,Yemen,0.57939,0.31048000000000003,0.47493,0.2287,0.058920000000000014,0.09821,3.724
923,Haiti,0.284734428,0.37436673,0.646671355,0.169297516,0.161935672,0.463909656,3.720799923
305,Madagascar,0.27954,0.37109,0.46115,0.13684000000000002,0.07506,0.2204,3.695
613,Zimbabwe,0.35700000000000004,0.248,1.094,0.406,0.099,0.132,3.692
146,Madagascar,0.20824,0.46721,0.66801,0.19184,0.08123999999999999,0.21333,3.681
147,Central African Republic,0.0785,0.06699,0.0,0.48879,0.08288999999999999,0.23835,3.678
148,Chad,0.34193,0.1501,0.76062,0.23501,0.05269,0.18386,3.667
306,Tanzania,0.47155,0.35700000000000004,0.77623,0.3176,0.05099,0.31472,3.666
771,Zimbabwe,0.366,0.433,1.114,0.361,0.08900000000000001,0.151,3.663
457,Benin,0.43108540773391707,0.20993021130561804,0.435299843549728,0.42596277594566295,0.0609290152788162,0.207948461174965,3.65700006484985
149,Guinea,0.17417,0.24009,0.46475,0.37725,0.12139,0.28657,3.656
150,Ivory Coast,0.46534,0.15185,0.77115,0.46866,0.17922000000000002,0.20165,3.655
924,Lesotho,0.45493874,0.100934811,1.088940024,0.409367532,0.050483823,0.102627642,3.652800083
458,Madagascar,0.305808693170547,0.375223308801651,0.9130203723907472,0.18919676542282104,0.0672319754958153,0.208732530474663,3.64400005340576
614,Afghanistan,0.332,0.255,0.537,0.085,0.036000000000000004,0.191,3.632
307,Liberia,0.10706,0.23165,0.50353,0.25748000000000004,0.04852,0.24063,3.622
308,Guinea,0.22415,0.18829,0.3109,0.30953,0.1192,0.29914,3.607
459,Haiti,0.368610262870789,0.277321130037308,0.640449821949005,0.0303698573261499,0.0998721495270729,0.4892037808895109,3.6029999256134
772,Haiti,0.32299999999999995,0.449,0.688,0.026,0.11,0.419,3.597
460,Yemen,0.5916834473609921,0.310080915689468,0.93538224697113,0.24946372210979506,0.0567674227058887,0.104125209152699,3.59299993515015
461,South Sudan,0.39724862575531,0.163486003875732,0.601323127746582,0.147062435746193,0.116793513298035,0.285670816898346,3.5910000801086404
615,Botswana,1.017,0.417,1.1740000000000002,0.557,0.092,0.042,3.59
151,Burkina Faso,0.25812,0.27125,0.85188,0.39493,0.12832000000000002,0.21747,3.587
616,Malawi,0.18600000000000005,0.306,0.541,0.531,0.08,0.21,3.587
617,Haiti,0.315,0.289,0.7140000000000001,0.025,0.104,0.392,3.582
152,Afghanistan,0.31982,0.30335,0.30285,0.23414,0.09719,0.3651,3.575
925,India,0.730576158,0.54057014,0.644198656,0.5811422470000001,0.105587982,0.237072483,3.573299885
926,Malawi,0.176534727,0.446163297,0.53036809,0.487389833,0.131633952,0.213185057,3.538000107
462,Liberia,0.119041793048382,0.229918196797371,0.8721179366111759,0.33288118243217496,0.0389482490718365,0.26654988527298,3.532999992370609
927,Yemen,0.392701775,0.41500017,1.177477121,0.243721485,0.08735212699999999,0.094689012,3.527400017
309,Rwanda,0.32846,0.31865,0.6158600000000001,0.5432,0.50521,0.23552,3.515
463,Guinea,0.24454993009567305,0.194129139184952,0.7912446856498722,0.348587512969971,0.110937617719173,0.264815092086792,3.50699996948242
618,Liberia,0.076,0.267,0.858,0.419,0.03,0.206,3.495
464,Togo,0.3054447174072269,0.247105568647385,0.4318825304508211,0.38042613863945,0.0956650152802467,0.19689615070819896,3.4949998855590803
773,Botswana,1.041,0.5379999999999999,1.145,0.455,0.1,0.025,3.488
310,Benin,0.39499,0.21028,0.10419,0.39747,0.06681000000000001,0.2018,3.484
928,Botswana,0.997548997,0.494101733,1.08569479,0.50908941,0.101786368,0.033407487,3.478899956
929,Tanzania,0.457163125,0.442677855,0.872674644,0.5093430879999999,0.203880861,0.27154091,3.476200104
930,Central African Republic,0.041072082,0.0,0.0,0.292814463,0.028264718,0.253513217,3.475899935
465,Rwanda,0.368745893239975,0.326424807310104,0.945707023143768,0.5818438529968261,0.455220013856888,0.2527560293674469,3.47099995613098
153,Rwanda,0.22208000000000006,0.42864,0.7737,0.59201,0.55191,0.22628,3.465
774,Syria,0.619,0.44,0.378,0.013,0.141,0.331,3.462
619,Syria,0.6890000000000001,0.539,0.382,0.08800000000000001,0.14400000000000002,0.376,3.462
466,Syria,0.777153134346008,0.5005333423614501,0.396102607250214,0.0815394446253777,0.15134713053703305,0.493663728237152,3.46199989318848
775,Malawi,0.191,0.495,0.56,0.443,0.08900000000000001,0.218,3.41
620,Rwanda,0.332,0.4,0.8959999999999999,0.636,0.444,0.2,3.408
776,Yemen,0.287,0.463,1.163,0.14300000000000002,0.077,0.108,3.38
311,Afghanistan,0.38227,0.17344,0.11037,0.1643,0.07112,0.31268,3.36
621,Yemen,0.442,0.343,1.073,0.244,0.064,0.083,3.355
467,Tanzania,0.511135876178741,0.364509284496307,1.04198980331421,0.390017777681351,0.0660351067781448,0.354256361722946,3.34899997711182
154,Benin,0.28665,0.3191,0.35386,0.4845,0.0801,0.1826,3.34
777,Rwanda,0.359,0.614,0.711,0.555,0.411,0.217,3.334
931,Rwanda,0.343242675,0.572383285,0.522876322,0.604087889,0.485542476,0.235704988,3.312299967
622,Tanzania,0.455,0.381,0.991,0.481,0.097,0.27,3.303
312,Togo,0.28123000000000004,0.24811,0.0,0.34678000000000003,0.11587,0.17517,3.303
932,Zimbabwe,0.425564021,0.375037611,1.047835231,0.37740472,0.080928579,0.151349187,3.2992000580000003
623,South Sudan,0.337,0.177,0.608,0.112,0.106,0.224,3.254
778,Tanzania,0.476,0.499,0.885,0.417,0.147,0.276,3.2310000000000003
779,Afghanistan,0.35,0.361,0.517,0.0,0.025,0.158,3.2030000000000003
624,Central African Republic,0.024,0.01,0.0,0.305,0.038,0.218,3.083
780,Central African Republic,0.026,0.105,0.0,0.225,0.035,0.235,3.083
313,Syria,0.7471899999999999,0.6299399999999999,0.14866,0.06912,0.17232999999999998,0.48397,3.069
155,Syria,0.6632,0.7219300000000001,0.47489,0.15684,0.18906,0.47179,3.006
625,Burundi,0.091,0.145,0.627,0.065,0.076,0.149,2.905
156,Burundi,0.0153,0.22396,0.41587,0.1185,0.10062,0.19727,2.905
314,Burundi,0.06831,0.15747,0.23442,0.0432,0.09419,0.2029,2.905
468,Burundi,0.091622568666935,0.151610791683197,0.629793584346771,0.0599007532000542,0.0841479450464249,0.20443518459796894,2.90499997138977
781,South Sudan,0.306,0.295,0.575,0.01,0.091,0.202,2.853
157,Togo,0.20868,0.28443,0.13995,0.36453,0.10731,0.16681,2.839
933,South Sudan,0.289082974,0.208809033,0.5532785060000001,0.065609254,0.111156799,0.209934607,2.816600084
469,Central African Republic,0.0,0.0187726859003305,0.0,0.270842045545578,0.0565650761127472,0.280876487493515,2.69300007820129
934,Afghanistan,0.30070585,0.266051531,0.356433839,0.0,0.001225785,0.135234714,2.566900015
